-- MySQL dump 10.13  Distrib 5.5.45, for Win64 (x86)
--
-- Host: localhost    Database: projectica_db
-- ------------------------------------------------------
-- Server version	5.5.45

/*!40101 SET @OLD_CHARACTER_SET_CLIENT=@@CHARACTER_SET_CLIENT */;
/*!40101 SET @OLD_CHARACTER_SET_RESULTS=@@CHARACTER_SET_RESULTS */;
/*!40101 SET @OLD_COLLATION_CONNECTION=@@COLLATION_CONNECTION */;
/*!40101 SET NAMES utf8 */;
/*!40103 SET @OLD_TIME_ZONE=@@TIME_ZONE */;
/*!40103 SET TIME_ZONE='+00:00' */;
/*!40014 SET @OLD_UNIQUE_CHECKS=@@UNIQUE_CHECKS, UNIQUE_CHECKS=0 */;
/*!40014 SET @OLD_FOREIGN_KEY_CHECKS=@@FOREIGN_KEY_CHECKS, FOREIGN_KEY_CHECKS=0 */;
/*!40101 SET @OLD_SQL_MODE=@@SQL_MODE, SQL_MODE='NO_AUTO_VALUE_ON_ZERO' */;
/*!40111 SET @OLD_SQL_NOTES=@@SQL_NOTES, SQL_NOTES=0 */;

--
-- Table structure for table `chat_room`
--

DROP TABLE IF EXISTS `chat_room`;
/*!40101 SET @saved_cs_client     = @@character_set_client */;
/*!40101 SET character_set_client = utf8 */;
CREATE TABLE `chat_room` (
  `chat_room_id` int(11) NOT NULL AUTO_INCREMENT,
  `name` varchar(50) NOT NULL,
  `project_id` int(11) NOT NULL,
  PRIMARY KEY (`chat_room_id`),
  KEY `project_id` (`project_id`),
  CONSTRAINT `chat_room_ibfk_1` FOREIGN KEY (`project_id`) REFERENCES `project` (`project_id`),
  CONSTRAINT `FKr212tldv6bwyedi7yfhk5l2ct` FOREIGN KEY (`project_id`) REFERENCES `project` (`project_id`)
) ENGINE=InnoDB AUTO_INCREMENT=42 DEFAULT CHARSET=utf8;
/*!40101 SET character_set_client = @saved_cs_client */;

--
-- Dumping data for table `chat_room`
--

LOCK TABLES `chat_room` WRITE;
/*!40000 ALTER TABLE `chat_room` DISABLE KEYS */;
INSERT INTO `chat_room` VALUES (1,'Page design',1),(2,'Demands',1),(3,'Main chatroom',1),(4,'Main chatroom',2),(5,'Main chatroom',3),(6,'Main chatroom',4),(7,'Main chatroom',5),(8,'Main chatroom',6),(9,'Main chatroom',7),(10,'Main chatroom',8),(11,'Main chatroom',9),(12,'Main chatroom',10),(13,'Main chatroom',11),(14,'Main chatroom',12),(15,'Main chatroom',13),(16,'Main chatroom',14),(17,'Main chatroom',15),(18,'Main chatroom',16),(19,'Main chatroom',17),(20,'Main chatroom',18),(21,'Main chatroom',19),(22,'Main chatroom',20),(23,'Main chatroom',21),(24,'Main chatroom',22),(25,'Main chatroom',23),(26,'Main chatroom',24),(27,'Main chatroom',25),(28,'Main chatroom',26),(29,'Main chatroom',27),(30,'Main chatroom',28),(31,'Main chatroom',29),(32,'Main chatroom',30),(33,'Main chatroom',31),(34,'VetalZloy',1),(35,'Test',1),(36,'Main chatroom',32),(37,'Main chatroom',33),(38,'Main chatroom',34),(39,'Hustle hard flavour',34),(40,'Main chatroom',35),(41,'Node test',1);
/*!40000 ALTER TABLE `chat_room` ENABLE KEYS */;
UNLOCK TABLES;

--
-- Table structure for table `password_token`
--

DROP TABLE IF EXISTS `password_token`;
/*!40101 SET @saved_cs_client     = @@character_set_client */;
/*!40101 SET character_set_client = utf8 */;
CREATE TABLE `password_token` (
  `password_token_id` bigint(20) NOT NULL AUTO_INCREMENT,
  `user_id` bigint(20) NOT NULL,
  `password_token` varchar(255) DEFAULT NULL,
  `expire_date` datetime DEFAULT NULL,
  PRIMARY KEY (`password_token_id`),
  KEY `FK_pt_user_id_idx` (`user_id`),
  CONSTRAINT `FKm1ug9u624tahdket1qqn0s9cg` FOREIGN KEY (`user_id`) REFERENCES `user` (`user_id`),
  CONSTRAINT `FK_pt_user_id` FOREIGN KEY (`user_id`) REFERENCES `user` (`user_id`) ON DELETE NO ACTION ON UPDATE NO ACTION
) ENGINE=InnoDB DEFAULT CHARSET=utf8;
/*!40101 SET character_set_client = @saved_cs_client */;

--
-- Dumping data for table `password_token`
--

LOCK TABLES `password_token` WRITE;
/*!40000 ALTER TABLE `password_token` DISABLE KEYS */;
/*!40000 ALTER TABLE `password_token` ENABLE KEYS */;
UNLOCK TABLES;

--
-- Table structure for table `persistent_logins`
--

DROP TABLE IF EXISTS `persistent_logins`;
/*!40101 SET @saved_cs_client     = @@character_set_client */;
/*!40101 SET character_set_client = utf8 */;
CREATE TABLE `persistent_logins` (
  `username` varchar(100) NOT NULL,
  `series` varchar(64) NOT NULL,
  `token` varchar(64) NOT NULL,
  `last_used` timestamp NOT NULL DEFAULT CURRENT_TIMESTAMP ON UPDATE CURRENT_TIMESTAMP,
  PRIMARY KEY (`series`)
) ENGINE=InnoDB DEFAULT CHARSET=utf8;
/*!40101 SET character_set_client = @saved_cs_client */;

--
-- Dumping data for table `persistent_logins`
--

LOCK TABLES `persistent_logins` WRITE;
/*!40000 ALTER TABLE `persistent_logins` DISABLE KEYS */;
INSERT INTO `persistent_logins` VALUES ('VetZloy','9JlCJ9ow/tSmod0PYzucYw==','j6jgCd5jc5kBbGRXydih3Q==','2017-07-19 17:50:08'),('VetalZloy','bC0DTJoLqyr09cRnFSkTuQ==','uLDQVUR64nhAvdQ7LsEOYw==','2017-07-30 08:40:05'),('BootTest2','ORRgszPlc+dH82V5JoWT5g==','X6SxPB0oXM2MZtMVoR0ADg==','2017-06-11 12:09:45');
/*!40000 ALTER TABLE `persistent_logins` ENABLE KEYS */;
UNLOCK TABLES;

--
-- Table structure for table `position`
--

DROP TABLE IF EXISTS `position`;
/*!40101 SET @saved_cs_client     = @@character_set_client */;
/*!40101 SET character_set_client = utf8 */;
CREATE TABLE `position` (
  `position_id` bigint(20) NOT NULL AUTO_INCREMENT,
  `name` varchar(50) NOT NULL,
  `description` text NOT NULL,
  `hiring_date` timestamp NULL DEFAULT NULL,
  `firing_date` timestamp NULL DEFAULT NULL,
  `user_id` bigint(20) DEFAULT NULL,
  `project_id` int(11) NOT NULL,
  `comment` text,
  `estimation` tinyint(1) DEFAULT NULL,
  PRIMARY KEY (`position_id`),
  KEY `project_id` (`project_id`),
  KEY `position_ibfk_1` (`user_id`),
  CONSTRAINT `FKjitieja63jw1dn92qk48bangr` FOREIGN KEY (`project_id`) REFERENCES `project` (`project_id`),
  CONSTRAINT `FKjmw29eckwum6dcll6sknilc6u` FOREIGN KEY (`user_id`) REFERENCES `user` (`user_id`),
  CONSTRAINT `position_ibfk_1` FOREIGN KEY (`user_id`) REFERENCES `user` (`user_id`),
  CONSTRAINT `position_ibfk_2` FOREIGN KEY (`project_id`) REFERENCES `project` (`project_id`)
) ENGINE=InnoDB AUTO_INCREMENT=406 DEFAULT CHARSET=utf8;
/*!40101 SET character_set_client = @saved_cs_client */;

--
-- Dumping data for table `position`
--

LOCK TABLES `position` WRITE;
/*!40000 ALTER TABLE `position` DISABLE KEYS */;
INSERT INTO `position` VALUES (1,'WEB Senior','HTML/CSS/JS','2016-12-02 12:55:57',NULL,1,1,NULL,NULL),(2,'Project manager','Bla-bla-bla','2016-12-02 12:56:39',NULL,2,1,NULL,NULL),(3,'Project manager','Our team need experienced project manager','2016-12-02 12:57:34',NULL,2,2,NULL,NULL),(4,'Team lead','Leader of web-developers team','2015-12-02 12:57:34','2016-12-01 21:00:00',2,2,'Very good team lead',1),(5,'Java developer','Web oriental java developing','2016-12-03 13:41:58',NULL,3,2,NULL,NULL),(6,'DBA','Designing database','2016-12-26 21:33:12',NULL,15,8,NULL,NULL),(7,'System engineer','Description-description-description','2016-12-26 21:37:58',NULL,223,12,NULL,NULL),(8,'Logo designer','Description-description-description','2016-12-26 21:37:58',NULL,428,8,NULL,NULL),(9,'PHP developer','Description-description-description','2016-12-26 21:37:58',NULL,353,12,NULL,NULL),(10,'C++ developer','Description-description-description','2016-12-26 21:37:58',NULL,236,24,NULL,NULL),(11,'Page designer','Description-description-description','2016-12-26 21:37:59',NULL,13,4,NULL,NULL),(12,'WEB developer','Description-description-description','2016-12-26 21:37:59',NULL,431,28,NULL,NULL),(13,'3D specialist','Description-description-description','2016-12-26 21:37:59',NULL,49,1,NULL,NULL),(14,'C# developer','Description-description-description','2016-12-26 21:37:59',NULL,167,9,NULL,NULL),(15,'Python developer','Description-description-description','2016-12-26 21:37:59',NULL,482,25,NULL,NULL),(16,'C# developer','Description-description-description','2016-12-26 21:37:59',NULL,20,7,NULL,NULL),(17,'Java WEB developer','Description-description-description','2016-12-26 21:37:59',NULL,269,17,NULL,NULL),(18,'C# developer','Description-description-description','2016-12-26 21:37:59',NULL,86,16,NULL,NULL),(19,'Java developer','Description-description-description','2016-12-26 21:37:59',NULL,162,1,NULL,NULL),(20,'WEB developer','Description-description-description','2016-12-26 21:37:59',NULL,446,9,NULL,NULL),(21,'PHP developer','Description-description-description','2016-12-26 21:37:59',NULL,79,1,NULL,NULL),(22,'3D specialist','Description-description-description','2016-12-26 21:37:59',NULL,262,11,NULL,NULL),(23,'Database administrator','Description-description-description','2016-12-26 21:37:59',NULL,123,7,NULL,NULL),(24,'PHP developer','Description-description-description','2016-12-26 21:37:59',NULL,316,27,NULL,NULL),(25,'3D specialist','Description-description-description','2016-12-26 21:37:59',NULL,201,9,NULL,NULL),(26,'Page designer','Description-description-description','2016-12-26 21:37:59',NULL,474,16,NULL,NULL),(27,'Database administrator','Description-description-description','2016-12-26 21:37:59',NULL,411,11,NULL,NULL),(28,'PHP developer','Description-description-description','2016-12-26 21:37:59',NULL,432,4,NULL,NULL),(29,'Python developer','Description-description-description','2016-12-26 21:37:59',NULL,136,18,NULL,NULL),(30,'Logo designer','Description-description-description','2016-12-26 21:37:59',NULL,163,7,NULL,NULL),(31,'C++ developer','Description-description-description','2016-12-26 21:38:00',NULL,415,17,NULL,NULL),(32,'3D specialist','Description-description-description','2016-12-26 21:38:00',NULL,343,14,NULL,NULL),(33,'Java developer','Description-description-description','2016-12-26 21:38:00',NULL,166,22,NULL,NULL),(34,'Python developer','Description-description-description','2016-12-26 21:38:00',NULL,472,14,NULL,NULL),(35,'Python developer','Description-description-description','2016-12-26 21:38:00',NULL,352,23,NULL,NULL),(36,'PHP developer','Description-description-description','2016-12-26 21:38:00',NULL,231,11,NULL,NULL),(37,'WEB developer','Description-description-description','2016-12-26 21:38:00',NULL,38,8,NULL,NULL),(38,'C++ developer','Description-description-description','2016-12-26 21:38:00',NULL,500,27,NULL,NULL),(39,'Java WEB developer','Description-description-description','2016-12-26 21:38:00',NULL,2,19,NULL,NULL),(40,'Page designer','Description-description-description','2016-12-26 21:38:00',NULL,10,11,NULL,NULL),(41,'System engineer','Description-description-description','2016-12-26 21:38:00',NULL,204,7,NULL,NULL),(42,'C++ developer','Description-description-description','2016-12-26 21:38:00',NULL,415,13,NULL,NULL),(43,'Java developer','Description-description-description','2016-12-26 21:38:00',NULL,19,19,NULL,NULL),(44,'Database administrator','Description-description-description','2016-12-26 21:38:00',NULL,42,19,NULL,NULL),(45,'Database administrator','Description-description-description','2016-12-26 21:38:00',NULL,169,15,NULL,NULL),(46,'WEB developer','Description-description-description','2016-12-26 21:38:00',NULL,406,13,NULL,NULL),(47,'System engineer','Description-description-description','2016-12-26 21:38:00',NULL,109,29,NULL,NULL),(48,'System engineer','Description-description-description','2016-12-26 21:38:00',NULL,314,20,NULL,NULL),(49,'Logo designer','Description-description-description','2016-12-26 21:38:00',NULL,2,22,NULL,NULL),(50,'C++ developer','Description-description-description','2016-12-26 21:38:00',NULL,491,10,NULL,NULL),(51,'Database administrator','Description-description-description','2016-12-26 21:38:00',NULL,496,5,NULL,NULL),(52,'System engineer','Description-description-description','2016-12-26 21:38:00',NULL,448,1,NULL,NULL),(53,'3D specialist','Description-description-description','2016-12-26 21:38:00',NULL,159,2,NULL,NULL),(54,'Java WEB developer','Description-description-description','2016-12-26 21:38:00',NULL,48,4,NULL,NULL),(55,'Python developer','Description-description-description','2016-12-26 21:38:00',NULL,254,8,NULL,NULL),(57,'WEB developer','Description-description-description','2016-12-26 21:38:01',NULL,364,1,NULL,NULL),(58,'3D specialist','Description-description-description','2016-12-26 21:38:01','2017-07-23 09:48:37',305,1,'Nice',0),(59,'Java developer','Description-description-description','2016-12-26 21:38:01',NULL,169,8,NULL,NULL),(60,'Logo designer','Description-description-description','2016-12-26 21:38:01',NULL,394,21,NULL,NULL),(61,'WEB developer','Description-description-description','2016-12-26 21:38:01',NULL,433,8,NULL,NULL),(62,'C# developer','Description-description-description','2016-12-26 21:38:01',NULL,84,3,NULL,NULL),(63,'Java WEB developer','Description-description-description','2016-12-26 21:38:01',NULL,426,22,NULL,NULL),(64,'PHP developer','Description-description-description','2016-12-26 21:38:01',NULL,331,13,NULL,NULL),(65,'Database administrator','Description-description-description','2016-12-26 21:38:01',NULL,180,17,NULL,NULL),(66,'C++ developer','Description-description-description','2016-12-26 21:38:01',NULL,282,10,NULL,NULL),(67,'WEB developer','Description-description-description','2016-12-26 21:38:01',NULL,19,22,NULL,NULL),(68,'System engineer','Description-description-description','2016-12-26 21:38:01',NULL,286,21,NULL,NULL),(69,'Java WEB developer','Description-description-description','2016-12-26 21:38:01',NULL,385,7,NULL,NULL),(70,'3D specialist','Description-description-description','2016-12-26 21:38:01',NULL,145,1,NULL,NULL),(71,'Java developer','Description-description-description','2016-12-26 21:38:01',NULL,64,9,NULL,NULL),(72,'System engineer','Description-description-description','2016-12-26 21:38:01',NULL,276,2,NULL,NULL),(73,'WEB developer','Description-description-description','2016-12-26 21:38:01',NULL,349,13,NULL,NULL),(74,'Logo designer','Description-description-description','2016-12-26 21:38:01',NULL,461,24,NULL,NULL),(75,'Page designer','Description-description-description','2016-12-26 21:38:01',NULL,327,9,NULL,NULL),(76,'Logo designer','Description-description-description','2016-12-26 21:38:01',NULL,120,20,NULL,NULL),(77,'System engineer','Description-description-description','2016-12-26 21:38:02',NULL,8,17,NULL,NULL),(78,'Database administrator','Description-description-description','2016-12-26 21:38:02',NULL,232,5,NULL,NULL),(79,'3D specialist','Description-description-description','2016-12-26 21:38:02',NULL,428,12,NULL,NULL),(80,'Python developer','Description-description-description','2016-12-26 21:38:02',NULL,229,15,NULL,NULL),(81,'Java developer','Description-description-description','2016-12-26 21:38:02',NULL,192,20,NULL,NULL),(82,'Page designer','Description-description-description','2016-12-26 21:38:02',NULL,138,9,NULL,NULL),(83,'System engineer','Description-description-description','2016-12-26 21:38:02',NULL,201,15,NULL,NULL),(85,'WEB developer','Description-description-description','2016-12-26 21:38:02',NULL,386,6,NULL,NULL),(86,'Java WEB developer','Description-description-description','2016-12-26 21:38:02',NULL,76,23,NULL,NULL),(87,'Python developer','Description-description-description','2016-12-26 21:38:02',NULL,447,19,NULL,NULL),(88,'Logo designer','Description-description-description','2016-12-26 21:38:02',NULL,45,8,NULL,NULL),(89,'WEB developer','Description-description-description','2016-12-26 21:38:02',NULL,311,25,NULL,NULL),(90,'C++ developer','Description-description-description','2016-12-26 21:38:02',NULL,117,22,NULL,NULL),(91,'Java developer','Description-description-description','2016-12-26 21:38:02',NULL,108,8,NULL,NULL),(92,'WEB developer','Description-description-description','2016-12-26 21:38:03',NULL,39,17,NULL,NULL),(93,'Java WEB developer','Description-description-description','2016-12-26 21:38:03',NULL,189,9,NULL,NULL),(95,'Java developer','Description-description-description','2016-12-26 21:38:03',NULL,402,7,NULL,NULL),(96,'Database administrator','Description-description-description','2016-12-26 21:38:03',NULL,45,5,NULL,NULL),(97,'3D specialist','Description-description-description','2016-12-26 21:38:03',NULL,292,9,NULL,NULL),(98,'System engineer','Description-description-description','2016-12-26 21:38:03',NULL,139,3,NULL,NULL),(100,'3D specialist','Description-description-description','2016-12-26 21:38:03',NULL,184,12,NULL,NULL),(101,'Page designer','Description-description-description','2016-12-26 21:38:03',NULL,128,25,NULL,NULL),(102,'C# developer','Description-description-description','2016-12-26 21:38:03',NULL,454,10,NULL,NULL),(103,'System engineer','Description-description-description','2016-12-26 21:38:03',NULL,136,20,NULL,NULL),(104,'Python developer','Description-description-description','2016-12-26 21:38:03',NULL,222,12,NULL,NULL),(105,'Java developer','Description-description-description','2016-12-26 21:38:03',NULL,482,14,NULL,NULL),(106,'Logo designer','Description-description-description','2016-12-26 21:38:03',NULL,305,8,NULL,NULL),(107,'Page designer','Description-description-description','2016-12-26 21:38:03',NULL,285,2,NULL,NULL),(108,'Java WEB developer','Description-description-description','2016-12-26 21:38:03',NULL,102,10,NULL,NULL),(109,'System engineer','Description-description-description','2016-12-26 21:38:03',NULL,464,19,NULL,NULL),(110,'Java developer','Description-description-description','2016-12-26 21:38:03',NULL,207,28,NULL,NULL),(111,'Database administrator','Description-description-description','2016-12-26 21:38:03',NULL,469,7,NULL,NULL),(112,'System engineer','Description-description-description','2016-12-26 21:38:03',NULL,217,6,NULL,NULL),(113,'System engineer','Description-description-description','2016-12-26 21:38:03',NULL,110,18,NULL,NULL),(114,'Logo designer','Description-description-description','2016-12-26 21:38:04',NULL,203,3,NULL,NULL),(115,'3D specialist','Description-description-description','2016-12-26 21:38:04',NULL,63,20,NULL,NULL),(116,'PHP developer','Description-description-description','2016-12-26 21:38:04',NULL,420,14,NULL,NULL),(117,'Python developer','Description-description-description','2016-12-26 21:38:04',NULL,420,19,NULL,NULL),(118,'C++ developer','Description-description-description','2016-12-26 21:38:04',NULL,157,18,NULL,NULL),(119,'Logo designer','Description-description-description','2016-12-26 21:38:04',NULL,496,21,NULL,NULL),(120,'PHP developer','Description-description-description','2016-12-26 21:38:04',NULL,70,12,NULL,NULL),(121,'3D specialist','Description-description-description','2016-12-26 21:38:04',NULL,8,19,NULL,NULL),(122,'C++ developer','Description-description-description','2016-12-26 21:38:04',NULL,110,11,NULL,NULL),(123,'Java developer','Description-description-description','2016-12-26 21:38:04',NULL,48,9,NULL,NULL),(124,'Page designer','Description-description-description','2016-12-26 21:38:04',NULL,443,10,NULL,NULL),(125,'WEB developer','Description-description-description','2016-12-26 21:38:04',NULL,60,26,NULL,NULL),(126,'Java developer','Description-description-description','2016-12-26 21:38:04',NULL,460,11,NULL,NULL),(127,'Logo designer','Description-description-description','2016-12-26 21:38:04',NULL,298,23,NULL,NULL),(128,'C# developer','Description-description-description','2016-12-26 21:38:04',NULL,395,2,NULL,NULL),(129,'C++ developer','Description-description-description','2016-12-26 21:38:04',NULL,77,10,NULL,NULL),(130,'Java WEB developer','Description-description-description','2016-12-26 21:38:04',NULL,207,19,NULL,NULL),(131,'Python developer','Description-description-description','2016-12-26 21:38:04',NULL,33,17,NULL,NULL),(132,'System engineer','Description-description-description','2016-12-26 21:38:04',NULL,122,29,NULL,NULL),(133,'3D specialist','Description-description-description','2016-12-26 21:38:04',NULL,129,18,NULL,NULL),(134,'Database administrator','Description-description-description','2016-12-26 21:38:04',NULL,235,25,NULL,NULL),(135,'WEB developer','Description-description-description','2016-12-26 21:38:04',NULL,267,28,NULL,NULL),(136,'C# developer','Description-description-description','2016-12-26 21:38:04',NULL,251,26,NULL,NULL),(137,'Python developer','Description-description-description','2016-12-26 21:38:04',NULL,468,5,NULL,NULL),(138,'3D specialist','Description-description-description','2016-12-26 21:38:05',NULL,342,9,NULL,NULL),(139,'PHP developer','Description-description-description','2016-12-26 21:38:05',NULL,302,20,NULL,NULL),(140,'Python developer','Description-description-description','2016-12-26 21:38:05',NULL,75,7,NULL,NULL),(141,'C++ developer','Description-description-description','2016-12-26 21:38:05',NULL,320,29,NULL,NULL),(142,'WEB developer','Description-description-description','2016-12-26 21:38:05',NULL,82,29,NULL,NULL),(143,'System engineer','Description-description-description','2016-12-26 21:38:05',NULL,463,25,NULL,NULL),(144,'C# developer','Description-description-description','2016-12-26 21:38:05',NULL,242,1,NULL,NULL),(145,'Page designer','Description-description-description','2016-12-26 21:38:05',NULL,303,27,NULL,NULL),(146,'Page designer','Description-description-description','2016-12-26 21:38:05',NULL,67,18,NULL,NULL),(147,'PHP developer','Description-description-description','2016-12-26 21:38:05',NULL,304,28,NULL,NULL),(148,'Database administrator','Description-description-description','2016-12-26 21:38:05',NULL,246,14,NULL,NULL),(149,'Logo designer','Description-description-description','2016-12-26 21:38:05',NULL,31,8,NULL,NULL),(150,'Python developer','Description-description-description','2016-12-26 21:38:05',NULL,244,20,NULL,NULL),(151,'Logo designer','Description-description-description','2016-12-26 21:38:05',NULL,111,23,NULL,NULL),(152,'C# developer','Description-description-description','2016-12-26 21:38:05',NULL,378,4,NULL,NULL),(154,'C# developer','Description-description-description','2016-12-26 21:38:06',NULL,245,24,NULL,NULL),(156,'WEB developer','Description-description-description','2016-12-26 21:38:06',NULL,83,18,NULL,NULL),(158,'System engineer','Description-description-description','2016-12-26 21:38:06',NULL,213,24,NULL,NULL),(159,'C++ developer','Description-description-description','2016-12-26 21:38:06',NULL,361,2,NULL,NULL),(160,'PHP developer','Description-description-description','2016-12-26 21:38:06',NULL,406,20,NULL,NULL),(161,'PHP developer','Description-description-description','2016-12-26 21:38:06',NULL,92,24,NULL,NULL),(162,'3D specialist','Description-description-description','2016-12-26 21:38:06',NULL,36,6,NULL,NULL),(163,'3D specialist','Description-description-description','2016-12-26 21:38:06',NULL,299,26,NULL,NULL),(165,'C++ developer','Description-description-description','2016-12-26 21:38:06',NULL,112,28,NULL,NULL),(166,'Page designer','Description-description-description','2016-12-26 21:38:06',NULL,372,20,NULL,NULL),(167,'C++ developer','Description-description-description','2016-12-26 21:38:06',NULL,333,20,NULL,NULL),(168,'System engineer','Description-description-description','2016-12-26 21:38:06',NULL,487,5,NULL,NULL),(169,'WEB developer','Description-description-description','2016-12-26 21:38:06',NULL,53,21,NULL,NULL),(170,'C# developer','Description-description-description','2016-12-26 21:38:06',NULL,131,3,NULL,NULL),(171,'System engineer','Description-description-description','2016-12-26 21:38:06',NULL,500,10,NULL,NULL),(173,'Database administrator','Description-description-description','2016-12-26 21:38:06',NULL,26,22,NULL,NULL),(174,'PHP developer','Description-description-description','2016-12-26 21:38:06',NULL,454,29,NULL,NULL),(175,'C++ developer','Description-description-description','2016-12-26 21:38:06',NULL,25,21,NULL,NULL),(176,'PHP developer','Description-description-description','2016-12-26 21:38:06',NULL,384,25,NULL,NULL),(177,'Java WEB developer','Description-description-description','2016-12-26 21:38:06',NULL,354,2,NULL,NULL),(178,'System engineer','Description-description-description','2016-12-26 21:38:06',NULL,133,27,NULL,NULL),(179,'PHP developer','Description-description-description','2016-12-26 21:38:06',NULL,321,18,NULL,NULL),(180,'WEB developer','Description-description-description','2016-12-26 21:38:06',NULL,153,6,NULL,NULL),(182,'Java WEB developer','Description-description-description','2016-12-26 21:38:06',NULL,254,22,NULL,NULL),(183,'3D specialist','Description-description-description','2016-12-26 21:38:07',NULL,88,12,NULL,NULL),(184,'C++ developer','Description-description-description','2016-12-26 21:38:07',NULL,377,8,NULL,NULL),(185,'3D specialist','Description-description-description','2016-12-26 21:38:07',NULL,296,2,NULL,NULL),(186,'PHP developer','Description-description-description','2016-12-26 21:38:07',NULL,450,5,NULL,NULL),(187,'3D specialist','Description-description-description','2016-12-26 21:38:07',NULL,372,27,NULL,NULL),(188,'WEB developer','Description-description-description','2016-12-26 21:38:07',NULL,485,20,NULL,NULL),(189,'C++ developer','Description-description-description','2016-12-26 21:38:07',NULL,268,1,NULL,NULL),(191,'WEB developer','Description-description-description','2016-12-26 21:38:07',NULL,420,29,NULL,NULL),(192,'Page designer','Description-description-description','2016-12-26 21:38:07',NULL,267,6,NULL,NULL),(193,'System engineer','Description-description-description','2016-12-26 21:38:07',NULL,150,11,NULL,NULL),(194,'System engineer','Description-description-description','2016-12-26 21:38:07',NULL,185,15,NULL,NULL),(195,'WEB developer','Description-description-description','2016-12-26 21:38:07',NULL,369,18,NULL,NULL),(196,'Java developer','Description-description-description','2016-12-26 21:38:07',NULL,147,16,NULL,NULL),(197,'Page designer','Description-description-description','2016-12-26 21:38:07',NULL,336,4,NULL,NULL),(198,'Java WEB developer','Description-description-description','2016-12-26 21:38:07',NULL,437,26,NULL,NULL),(199,'Logo designer','Description-description-description','2016-12-26 21:38:07',NULL,345,9,NULL,NULL),(200,'C# developer','Description-description-description','2016-12-26 21:38:07',NULL,209,1,NULL,NULL),(201,'System engineer','Description-description-description','2016-12-26 21:38:07',NULL,174,26,NULL,NULL),(202,'Java developer','Description-description-description','2016-12-26 21:38:07',NULL,275,9,NULL,NULL),(204,'Java WEB developer','Description-description-description','2016-12-26 21:38:07',NULL,258,22,NULL,NULL),(205,'3D specialist','Description-description-description','2016-12-26 21:38:07',NULL,135,18,NULL,NULL),(206,'C# developer','Description-description-description','2016-12-26 21:38:08',NULL,461,28,NULL,NULL),(207,'C++ developer','Description-description-description','2016-12-26 21:38:08',NULL,12,29,NULL,NULL),(208,'Python developer','Description-description-description','2016-12-26 21:38:08',NULL,157,18,NULL,NULL),(209,'Python developer','Description-description-description','2016-12-26 21:38:08',NULL,469,18,NULL,NULL),(210,'PHP developer','Description-description-description','2016-12-26 21:38:08',NULL,426,14,NULL,NULL),(211,'C++ developer','Description-description-description','2016-12-26 21:38:08',NULL,24,22,NULL,NULL),(212,'Database administrator','Description-description-description','2016-12-26 21:38:08',NULL,226,26,NULL,NULL),(213,'Java WEB developer','Description-description-description','2016-12-26 21:38:08',NULL,263,3,NULL,NULL),(214,'3D specialist','Description-description-description','2016-12-26 21:38:08',NULL,72,29,NULL,NULL),(215,'Database administrator','Description-description-description','2016-12-26 21:38:08',NULL,60,26,NULL,NULL),(216,'Logo designer','Description-description-description','2016-12-26 21:38:08',NULL,120,5,NULL,NULL),(217,'Page designer','Description-description-description','2016-12-26 21:38:08',NULL,22,15,NULL,NULL),(218,'Python developer','Description-description-description','2016-12-26 21:38:08',NULL,104,3,NULL,NULL),(219,'WEB developer','Description-description-description','2016-12-26 21:38:08',NULL,105,27,NULL,NULL),(220,'Java developer','Description-description-description','2016-12-26 21:38:08',NULL,86,21,NULL,NULL),(221,'C# developer','Description-description-description','2016-12-26 21:38:08',NULL,414,19,NULL,NULL),(222,'WEB developer','Description-description-description','2016-12-26 21:38:08',NULL,120,3,NULL,NULL),(223,'WEB developer','Description-description-description','2016-12-26 21:38:08',NULL,175,22,NULL,NULL),(224,'System engineer','Description-description-description','2016-12-26 21:38:08',NULL,34,6,NULL,NULL),(225,'Database administrator','Description-description-description','2016-12-26 21:38:08',NULL,270,4,NULL,NULL),(226,'3D specialist','Description-description-description','2016-12-26 21:38:09',NULL,472,20,NULL,NULL),(227,'C# developer','Description-description-description','2016-12-26 21:38:09',NULL,259,17,NULL,NULL),(228,'Java developer','Description-description-description','2016-12-26 21:38:09',NULL,253,10,NULL,NULL),(229,'System engineer','Description-description-description','2016-12-26 21:38:09',NULL,235,8,NULL,NULL),(230,'PHP developer','Description-description-description','2016-12-26 21:38:09',NULL,350,23,NULL,NULL),(231,'Python developer','Description-description-description','2016-12-26 21:38:09',NULL,239,28,NULL,NULL),(232,'Page designer','Description-description-description','2016-12-26 21:38:09',NULL,346,22,NULL,NULL),(233,'Python developer','Description-description-description','2016-12-26 21:38:09',NULL,452,3,NULL,NULL),(234,'Java WEB developer','Description-description-description','2016-12-26 21:38:10',NULL,55,29,NULL,NULL),(235,'Page designer','Description-description-description','2016-12-26 21:38:10',NULL,378,1,NULL,NULL),(236,'C# developer','Description-description-description','2016-12-26 21:38:10',NULL,189,5,NULL,NULL),(237,'Python developer','Description-description-description','2016-12-26 21:38:10',NULL,498,17,NULL,NULL),(238,'Python developer','Description-description-description','2016-12-26 21:38:10',NULL,338,1,NULL,NULL),(239,'WEB developer','Description-description-description','2016-12-26 21:38:10',NULL,115,19,NULL,NULL),(240,'Java developer','Description-description-description','2016-12-26 21:38:10',NULL,87,22,NULL,NULL),(241,'3D specialist','Description-description-description','2016-12-26 21:38:10',NULL,249,25,NULL,NULL),(242,'PHP developer','Description-description-description','2016-12-26 21:38:10',NULL,471,13,NULL,NULL),(243,'C# developer','Description-description-description','2016-12-26 21:38:10',NULL,267,2,NULL,NULL),(245,'Database administrator','Description-description-description','2016-12-26 21:38:10',NULL,461,13,NULL,NULL),(246,'3D specialist','Description-description-description','2016-12-26 21:38:10',NULL,56,6,NULL,NULL),(247,'Logo designer','Description-description-description','2016-12-26 21:38:10',NULL,23,29,NULL,NULL),(248,'C++ developer','Description-description-description','2016-12-26 21:38:10',NULL,253,1,NULL,NULL),(249,'3D specialist','Description-description-description','2016-12-26 21:38:10',NULL,237,7,NULL,NULL),(250,'Logo designer','Description-description-description','2016-12-26 21:38:10',NULL,162,20,NULL,NULL),(251,'C# developer','Description-description-description','2016-12-26 21:38:10',NULL,131,26,NULL,NULL),(252,'Java WEB developer','Description-description-description','2016-12-26 21:38:10',NULL,469,28,NULL,NULL),(253,'Database administrator','Description-description-description','2016-12-26 21:38:10',NULL,114,23,NULL,NULL),(254,'Page designer','Description-description-description','2016-12-26 21:38:10',NULL,29,1,NULL,NULL),(255,'Database administrator','Description-description-description','2016-12-26 21:38:10',NULL,70,20,NULL,NULL),(256,'WEB developer','Description-description-description','2016-12-26 21:38:10',NULL,53,1,NULL,NULL),(257,'C# developer','Description-description-description','2016-12-26 21:38:10',NULL,35,14,NULL,NULL),(258,'Java WEB developer','Description-description-description','2016-12-26 21:38:10',NULL,142,25,NULL,NULL),(259,'Logo designer','Description-description-description','2016-12-26 21:38:10',NULL,133,10,NULL,NULL),(260,'Java developer','Description-description-description','2016-12-26 21:38:10',NULL,286,25,NULL,NULL),(261,'Java developer','Description-description-description','2016-12-26 21:38:10',NULL,258,9,NULL,NULL),(262,'Database administrator','Description-description-description','2016-12-26 21:38:10',NULL,403,25,NULL,NULL),(263,'System engineer','Description-description-description','2016-12-26 21:38:10',NULL,80,23,NULL,NULL),(264,'Java WEB developer','Description-description-description','2016-12-26 21:38:10',NULL,492,22,NULL,NULL),(265,'Java developer','Description-description-description','2016-12-26 21:38:10',NULL,375,13,NULL,NULL),(266,'3D specialist','Description-description-description','2016-12-26 21:38:10',NULL,316,17,NULL,NULL),(267,'Logo designer','Description-description-description','2016-12-26 21:38:11',NULL,197,7,NULL,NULL),(268,'Logo designer','Description-description-description','2016-12-26 21:38:11',NULL,137,18,NULL,NULL),(269,'Logo designer','Description-description-description','2016-12-26 21:38:11',NULL,403,6,NULL,NULL),(270,'C# developer','Description-description-description','2016-12-26 21:38:11',NULL,286,23,NULL,NULL),(271,'PHP developer','Description-description-description','2016-12-26 21:38:11',NULL,72,22,NULL,NULL),(273,'System engineer','Description-description-description','2016-12-26 21:38:11',NULL,457,22,NULL,NULL),(274,'WEB developer','Description-description-description','2016-12-26 21:38:11',NULL,358,6,NULL,NULL),(275,'3D specialist','Description-description-description','2016-12-26 21:38:11',NULL,95,10,NULL,NULL),(276,'WEB developer','Description-description-description','2016-12-26 21:38:11',NULL,146,24,NULL,NULL),(317,'C++ developer','Description-description','2017-01-17 20:34:43','2017-01-19 19:43:19',516,1,'Ugly',0),(318,'3D specialist','Description-description','2017-01-20 12:02:38','2017-01-20 12:03:07',514,1,'Nice work, DeanW',1),(319,'WEB developer','Description-description',NULL,NULL,NULL,3,NULL,NULL),(320,'Java WEB developer','Description-description',NULL,NULL,NULL,3,NULL,NULL),(321,'C# developer','Lorem ipsum dolor sit amet, consectetur adipiscing elit, sed do eiusmod tempor incididunt ut labore et dolore magna aliqua. Ut enim ad minim veniam, quis nostrud exercitation ullamco laboris nisi ut aliquip ex ea commodo consequat. Duis aute irure dolor in reprehenderit in voluptate velit esse cillum dolore eu fugiat nulla pariatur. Excepteur sint occaecat cupidatat non proident, sunt in culpa qui officia deserunt mollit anim id est laborum.',NULL,NULL,NULL,8,NULL,NULL),(322,'Logo designer','Description-description',NULL,NULL,NULL,8,NULL,NULL),(323,'C++ developer','Description-description',NULL,NULL,NULL,10,NULL,NULL),(324,'Java developer','Description-description',NULL,NULL,NULL,11,NULL,NULL),(325,'Logo designer','Description-description',NULL,NULL,NULL,11,NULL,NULL),(326,'C# developer','Description-description',NULL,NULL,NULL,12,NULL,NULL),(327,'Page designer','Description-description',NULL,NULL,NULL,13,NULL,NULL),(328,'3D specialist','Description-description',NULL,NULL,NULL,14,NULL,NULL),(329,'PHP developer','Description-description',NULL,NULL,NULL,15,NULL,NULL),(330,'3D specialist','Description-description',NULL,NULL,NULL,15,NULL,NULL),(331,'Database administrator','Description-description',NULL,NULL,NULL,15,NULL,NULL),(332,'Java WEB developer','Description-description',NULL,NULL,NULL,15,NULL,NULL),(333,'3D specialist','Description-description',NULL,NULL,NULL,17,NULL,NULL),(334,'System engineer','Description-description',NULL,NULL,NULL,17,NULL,NULL),(335,'C++ developer','Description-description',NULL,NULL,NULL,17,NULL,NULL),(336,'3D specialist','Description-description',NULL,NULL,NULL,17,NULL,NULL),(337,'WEB developer','Description-description',NULL,NULL,NULL,18,NULL,NULL),(338,'C++ developer','Description-description',NULL,NULL,NULL,19,NULL,NULL),(339,'Python developer','Description-description',NULL,NULL,NULL,19,NULL,NULL),(340,'3D specialist','Description-description',NULL,NULL,NULL,19,NULL,NULL),(341,'System engineer','Description-description',NULL,NULL,NULL,20,NULL,NULL),(342,'Java WEB developer','Description-description',NULL,NULL,NULL,21,NULL,NULL),(343,'Database administrator','Description-description',NULL,NULL,NULL,21,NULL,NULL),(344,'PHP developer','Description-description',NULL,NULL,NULL,21,NULL,NULL),(345,'Java developer','Description-description',NULL,NULL,NULL,22,NULL,NULL),(346,'PHP developer','Description-description',NULL,NULL,NULL,23,NULL,NULL),(347,'C++ developer','Description-description',NULL,NULL,NULL,23,NULL,NULL),(348,'C# developer','Description-description',NULL,NULL,NULL,24,NULL,NULL),(349,'Python developer','Description-description',NULL,NULL,NULL,25,NULL,NULL),(350,'3D specialist','Description-description',NULL,NULL,NULL,27,NULL,NULL),(351,'C++ developer','Description-description',NULL,NULL,NULL,28,NULL,NULL),(352,'Java WEB developer','Description-description',NULL,NULL,NULL,29,NULL,NULL),(353,'System engineer','Description-description',NULL,NULL,NULL,29,NULL,NULL),(354,'C# developer','Description-description',NULL,NULL,NULL,29,NULL,NULL),(355,'System engineer','System engineer with knowladge about Linux OS','2017-01-22 13:06:22',NULL,514,1,NULL,NULL),(356,'Super PM','New description, super long and informative','2017-07-19 17:40:41','2017-07-19 17:50:59',516,1,'Test test test',1),(357,'Trainer','dedededadadaskldaskldaksldaskd','2017-03-13 11:05:39','2017-03-13 12:39:37',514,1,'DeanW was the best worker in my team.',1),(358,'Java developer','We need experienced Java developer to create Web-oriented application related with e-commerce','2017-03-13 12:47:32','2017-03-13 12:48:47',514,1,'Good job!!! Again.',1),(359,'Test','description','2017-07-19 19:21:47',NULL,516,1,NULL,NULL),(360,'Test2','Lorem ipsum dolor sit amet, consectetur adipiscing elit, sed do eiusmod tempor incididunt ut labore et dolore magna aliqua. Ut enim ad minim veniam, quis nostrud exercitation ullamco laboris nisi ut aliquip ex ea commodo consequat. Duis aute irure dolor in reprehenderit in voluptate velit esse cillum dolore eu fugiat nulla pariatur. Excepteur sint occaecat cupidatat non proident, sunt in culpa qui officia deserunt mollit anim id est laborum.','2017-04-13 19:09:54','2017-07-19 17:33:40',516,1,'Good job',1),(361,'Boss','',NULL,NULL,NULL,32,NULL,NULL),(362,'Boss','','2016-12-02 12:55:57',NULL,7,33,NULL,NULL),(363,'Pimp','','2016-12-02 12:55:57',NULL,7,34,NULL,NULL),(368,'Java developer','Description as;kd ; kas;f ka;fk kakf ;aksf ka;slf af a af ','2017-07-23 16:05:29',NULL,514,33,NULL,NULL),(369,'New position for DeanW','jndjksandsakndsaknd sd asd ad asd as','2017-03-18 14:50:41',NULL,514,1,NULL,NULL),(370,'BOSS','','2016-12-02 12:55:57',NULL,2,2,NULL,NULL),(371,'BOSS','Lorem ipsum dolor sit amet, consectetur adipiscing elit, sed do eiusmod tempor incididunt ut labore et dolore magna aliqua. Ut enim ad minim veniam, quis nostrud exercitation ullamco laboris nisi ut aliquip ex ea commodo consequat. Duis aute irure dolor in reprehenderit in voluptate velit esse cillum dolore eu fugiat nulla pariatur. Excepteur sint occaecat cupidatat non proident, sunt in culpa qui officia deserunt mollit anim id est laborum.','2016-12-02 12:55:57',NULL,7,1,NULL,NULL),(372,'BOSS','','2016-12-02 12:55:57',NULL,7,30,NULL,NULL),(373,'BOSS','','2016-12-02 12:55:57',NULL,7,31,NULL,NULL),(374,'BOSS','','2016-12-02 12:55:57',NULL,7,32,NULL,NULL),(375,'BOSS','','2016-12-02 12:55:57',NULL,7,33,NULL,NULL),(376,'BOSS','','2016-12-02 12:55:57',NULL,7,34,NULL,NULL),(377,'BOSS','','2016-12-02 12:55:57',NULL,12,12,NULL,NULL),(378,'BOSS','','2016-12-02 12:55:57',NULL,23,9,NULL,NULL),(379,'BOSS','','2016-12-02 12:55:57',NULL,33,26,NULL,NULL),(380,'BOSS','','2016-12-02 12:55:57',NULL,44,29,NULL,NULL),(381,'BOSS','','2016-12-02 12:55:57',NULL,53,3,NULL,NULL),(382,'BOSS','','2016-12-02 12:55:57',NULL,55,23,NULL,NULL),(383,'BOSS','','2016-12-02 12:55:57',NULL,57,17,NULL,NULL),(384,'BOSS','','2016-12-02 12:55:57',NULL,69,24,NULL,NULL),(385,'BOSS','','2016-12-02 12:55:57',NULL,78,25,NULL,NULL),(386,'BOSS','','2016-12-02 12:55:57',NULL,87,27,NULL,NULL),(387,'BOSS','','2016-12-02 12:55:57',NULL,115,10,NULL,NULL),(388,'BOSS','','2016-12-02 12:55:57',NULL,118,28,NULL,NULL),(389,'BOSS','','2016-12-02 12:55:57',NULL,159,4,NULL,NULL),(390,'BOSS','','2016-12-02 12:55:57',NULL,229,11,NULL,NULL),(391,'BOSS','','2016-12-02 12:55:57',NULL,229,13,NULL,NULL),(392,'BOSS','','2016-12-02 12:55:57',NULL,236,15,NULL,NULL),(393,'BOSS','','2016-12-02 12:55:57',NULL,253,21,NULL,NULL),(394,'BOSS','','2016-12-02 12:55:57',NULL,300,20,NULL,NULL),(395,'BOSS','','2016-12-02 12:55:57',NULL,321,22,NULL,NULL),(396,'BOSS','','2016-12-02 12:55:57',NULL,333,16,NULL,NULL),(397,'BOSS','','2016-12-02 12:55:57',NULL,353,7,NULL,NULL),(398,'BOSS','','2016-12-02 12:55:57',NULL,359,5,NULL,NULL),(399,'BOSS','','2016-12-02 12:55:57',NULL,366,19,NULL,NULL),(400,'BOSS','','2016-12-02 12:55:57',NULL,381,14,NULL,NULL),(401,'BOSS','','2016-12-02 12:55:57',NULL,449,18,NULL,NULL),(402,'BOSS','','2016-12-02 12:55:57',NULL,456,8,NULL,NULL),(403,'BOSS','','2016-12-02 12:55:57',NULL,457,6,NULL,NULL),(404,'DBA','','2017-04-30 08:40:57',NULL,514,35,NULL,NULL),(405,'Java developer','Description',NULL,NULL,NULL,35,NULL,NULL);
/*!40000 ALTER TABLE `position` ENABLE KEYS */;
UNLOCK TABLES;

--
-- Table structure for table `positions_tags`
--

DROP TABLE IF EXISTS `positions_tags`;
/*!40101 SET @saved_cs_client     = @@character_set_client */;
/*!40101 SET character_set_client = utf8 */;
CREATE TABLE `positions_tags` (
  `tag_id` int(11) NOT NULL,
  `position_id` bigint(20) NOT NULL,
  PRIMARY KEY (`tag_id`,`position_id`),
  KEY `position_id` (`position_id`),
  CONSTRAINT `FK84k44w4e4gbm9h553j41lk82j` FOREIGN KEY (`tag_id`) REFERENCES `tag` (`tag_id`),
  CONSTRAINT `FKgruqah2w2x5a1quiccwo6uxk0` FOREIGN KEY (`position_id`) REFERENCES `position` (`position_id`),
  CONSTRAINT `positions_tags_ibfk_1` FOREIGN KEY (`tag_id`) REFERENCES `tag` (`tag_id`),
  CONSTRAINT `positions_tags_ibfk_2` FOREIGN KEY (`position_id`) REFERENCES `position` (`position_id`)
) ENGINE=InnoDB DEFAULT CHARSET=utf8;
/*!40101 SET character_set_client = @saved_cs_client */;

--
-- Dumping data for table `positions_tags`
--

LOCK TABLES `positions_tags` WRITE;
/*!40000 ALTER TABLE `positions_tags` DISABLE KEYS */;
INSERT INTO `positions_tags` VALUES (1,1),(19,3),(20,3),(31,3),(3,4),(14,4),(18,4),(27,4),(31,4),(35,4),(36,4),(39,4),(1,5),(3,5),(4,5),(5,5),(6,5),(20,6),(36,6),(42,6),(5,7),(6,7),(18,7),(22,7),(30,7),(35,7),(25,8),(1,10),(2,10),(11,10),(35,10),(38,10),(1,11),(2,11),(10,11),(17,11),(37,11),(9,12),(33,12),(17,13),(34,13),(35,13),(39,13),(8,14),(13,14),(20,14),(23,14),(13,15),(29,15),(42,16),(40,17),(23,18),(13,20),(24,20),(38,20),(41,20),(29,22),(31,22),(9,23),(14,23),(19,23),(36,23),(42,23),(42,24),(21,25),(2,26),(3,26),(30,26),(35,26),(7,27),(41,27),(23,28),(36,28),(4,29),(7,29),(8,29),(18,29),(1,30),(3,30),(12,30),(24,30),(31,30),(33,30),(40,30),(1,31),(27,31),(31,31),(35,31),(36,31),(28,32),(42,32),(3,33),(9,33),(12,33),(29,33),(6,35),(7,35),(12,35),(19,35),(20,35),(24,35),(36,35),(17,36),(42,36),(4,37),(26,37),(29,37),(33,37),(11,38),(20,38),(25,38),(36,38),(1,39),(6,39),(14,39),(23,39),(26,39),(35,39),(40,39),(7,40),(19,40),(29,40),(38,40),(33,41),(38,41),(20,42),(33,42),(35,42),(4,43),(8,43),(10,43),(2,44),(12,44),(18,44),(21,44),(33,44),(19,45),(20,45),(41,45),(38,46),(39,46),(40,46),(1,49),(11,50),(13,50),(19,50),(23,50),(24,50),(42,50),(18,51),(20,51),(25,51),(26,51),(28,51),(31,51),(35,51),(41,51),(16,52),(22,52),(33,52),(5,53),(11,53),(12,53),(25,53),(27,53),(34,53),(36,54),(39,54),(9,55),(11,55),(13,55),(19,55),(31,55),(36,55),(38,55),(11,57),(22,57),(37,57),(1,58),(5,58),(8,58),(11,58),(26,58),(31,58),(33,58),(34,58),(37,58),(42,58),(4,59),(8,59),(10,59),(11,59),(12,59),(40,59),(29,60),(41,60),(21,61),(33,61),(3,62),(12,62),(15,62),(25,62),(36,62),(28,63),(38,63),(8,64),(13,64),(20,64),(35,64),(36,64),(8,65),(10,65),(15,65),(26,65),(28,65),(8,66),(27,66),(9,67),(12,67),(27,67),(35,67),(36,67),(40,67),(41,67),(5,68),(16,68),(37,68),(42,68),(2,69),(9,69),(23,69),(25,69),(8,70),(15,70),(18,70),(29,70),(31,70),(5,71),(27,71),(28,71),(29,71),(42,71),(6,72),(9,72),(22,72),(24,72),(33,72),(37,72),(40,72),(41,72),(19,73),(21,73),(36,73),(40,73),(20,74),(29,74),(34,74),(35,74),(37,74),(40,74),(10,75),(23,75),(24,75),(27,75),(31,75),(41,75),(8,76),(16,76),(26,76),(27,76),(31,76),(36,76),(5,77),(12,77),(22,77),(23,77),(8,78),(9,78),(18,78),(21,78),(27,78),(39,78),(42,78),(1,79),(12,79),(16,79),(19,79),(28,79),(36,79),(14,80),(23,80),(26,80),(15,81),(31,81),(5,82),(6,82),(8,82),(37,82),(28,83),(29,83),(41,83),(13,85),(17,85),(42,85),(9,86),(12,86),(25,86),(39,86),(1,87),(4,87),(24,87),(11,88),(16,88),(33,88),(1,89),(17,89),(18,89),(23,89),(5,90),(7,90),(11,90),(12,90),(16,90),(20,90),(27,90),(28,90),(39,90),(4,91),(5,91),(9,91),(10,91),(27,91),(30,91),(36,91),(1,92),(5,92),(8,92),(17,92),(21,92),(13,93),(15,93),(24,93),(37,93),(2,95),(6,95),(11,95),(20,95),(23,95),(38,95),(40,95),(2,96),(17,96),(5,97),(9,97),(26,97),(30,97),(42,97),(1,98),(16,98),(21,98),(23,98),(29,98),(30,98),(31,98),(5,100),(8,100),(10,100),(14,100),(18,100),(30,100),(37,100),(38,100),(1,101),(21,101),(40,101),(13,102),(20,102),(34,102),(35,102),(1,103),(14,103),(29,103),(41,103),(19,104),(22,104),(35,104),(39,104),(41,104),(30,105),(35,105),(37,105),(4,106),(27,106),(29,106),(32,106),(36,106),(5,107),(12,107),(24,107),(31,107),(35,107),(2,108),(15,108),(19,108),(23,108),(24,108),(28,108),(40,108),(2,109),(7,109),(14,109),(21,109),(22,109),(11,111),(38,111),(3,112),(10,112),(11,112),(16,112),(18,112),(22,112),(24,112),(26,112),(40,112),(4,113),(5,113),(21,113),(29,113),(34,113),(1,115),(4,115),(6,115),(23,115),(39,115),(14,116),(22,116),(8,117),(9,117),(12,117),(21,117),(26,117),(33,117),(34,117),(37,117),(40,118),(2,119),(3,119),(7,119),(22,119),(33,119),(34,119),(3,120),(28,120),(2,121),(5,121),(8,121),(9,121),(13,121),(33,121),(38,121),(8,122),(21,122),(22,122),(37,122),(41,122),(42,122),(2,123),(5,123),(23,123),(29,123),(3,124),(6,124),(18,124),(32,124),(37,124),(40,124),(4,126),(11,126),(13,126),(29,126),(30,126),(32,126),(37,126),(39,126),(2,127),(7,127),(18,127),(25,127),(27,127),(29,127),(33,127),(9,128),(10,128),(38,128),(3,129),(4,129),(10,129),(12,129),(12,130),(17,130),(18,130),(19,130),(39,130),(6,131),(8,131),(19,131),(25,131),(27,131),(34,131),(38,131),(40,131),(7,132),(11,132),(1,133),(10,133),(17,133),(29,133),(30,133),(9,134),(11,134),(21,134),(33,134),(6,135),(31,135),(35,135),(40,135),(17,136),(23,136),(25,136),(28,136),(30,136),(27,137),(35,137),(37,137),(9,138),(15,138),(31,138),(2,139),(13,139),(33,140),(42,140),(1,141),(7,141),(12,141),(38,141),(11,142),(17,142),(24,142),(31,142),(33,142),(3,143),(10,143),(16,143),(22,143),(34,143),(37,143),(40,143),(20,144),(30,144),(14,145),(15,145),(35,145),(36,145),(39,145),(10,146),(13,146),(15,146),(24,146),(29,146),(34,146),(5,147),(15,147),(38,147),(10,148),(15,148),(17,148),(28,148),(39,148),(42,148),(7,149),(36,149),(1,150),(11,150),(22,150),(24,150),(6,151),(21,151),(23,151),(30,151),(42,151),(4,152),(7,152),(8,152),(10,152),(13,152),(16,152),(22,152),(33,152),(15,154),(24,154),(30,154),(10,156),(12,156),(15,156),(34,156),(8,158),(26,158),(29,158),(2,159),(11,159),(18,159),(26,159),(29,159),(34,159),(37,159),(41,159),(3,160),(7,160),(17,160),(21,160),(31,160),(3,161),(5,161),(6,161),(16,161),(19,161),(36,161),(38,161),(41,161),(15,162),(23,163),(6,165),(14,165),(18,165),(20,165),(23,165),(34,165),(5,167),(10,167),(37,167),(1,168),(12,168),(17,168),(19,168),(21,168),(34,168),(38,168),(10,169),(21,169),(33,169),(35,169),(21,170),(23,170),(16,171),(36,171),(29,173),(9,174),(14,174),(17,174),(28,174),(33,174),(37,174),(7,175),(19,175),(36,175),(1,176),(22,176),(37,176),(39,176),(4,177),(14,177),(36,177),(38,177),(12,178),(14,178),(25,178),(31,178),(37,178),(10,179),(26,179),(32,179),(33,179),(36,179),(42,179),(3,180),(5,180),(11,180),(16,180),(25,180),(38,180),(10,182),(35,182),(4,183),(5,183),(7,183),(12,183),(17,183),(20,183),(29,183),(36,183),(2,184),(21,184),(40,184),(9,185),(16,186),(20,186),(31,186),(8,187),(34,187),(37,187),(40,187),(36,188),(1,189),(4,189),(55,189),(2,191),(12,191),(29,191),(3,192),(4,192),(10,192),(12,192),(18,192),(20,192),(21,192),(35,192),(14,193),(18,193),(22,193),(33,193),(36,193),(40,193),(42,193),(5,194),(22,194),(24,194),(33,194),(13,195),(14,195),(19,195),(20,195),(27,195),(1,196),(3,196),(8,196),(11,196),(13,196),(16,196),(28,196),(31,196),(1,197),(4,197),(20,197),(29,197),(4,198),(10,198),(13,198),(22,198),(28,198),(34,198),(40,198),(41,198),(15,199),(34,199),(17,200),(32,200),(38,200),(2,201),(7,201),(23,201),(41,201),(42,201),(12,202),(23,202),(39,202),(40,202),(6,204),(9,204),(5,205),(28,206),(5,207),(15,207),(25,207),(30,207),(3,208),(19,208),(39,208),(41,208),(1,209),(2,209),(6,209),(18,209),(20,209),(30,209),(4,210),(25,210),(27,210),(30,210),(1,211),(6,211),(18,211),(21,211),(41,211),(25,212),(26,212),(37,212),(35,213),(36,213),(40,213),(12,214),(23,214),(3,215),(14,215),(17,215),(25,215),(30,215),(32,215),(3,216),(12,217),(18,217),(2,218),(5,218),(14,218),(17,218),(25,218),(36,218),(12,219),(23,219),(1,220),(3,220),(4,220),(11,220),(16,220),(17,220),(22,220),(34,220),(3,221),(29,221),(32,221),(33,221),(40,221),(17,222),(34,222),(42,222),(18,223),(22,223),(36,223),(37,223),(5,224),(12,224),(14,224),(15,224),(24,224),(38,224),(39,224),(9,225),(20,225),(8,227),(11,227),(33,227),(42,227),(3,228),(4,228),(18,228),(38,228),(5,229),(17,229),(23,229),(2,230),(25,230),(40,230),(5,231),(6,231),(8,231),(36,231),(35,232),(8,233),(11,233),(17,233),(36,233),(1,234),(29,234),(32,234),(42,234),(3,235),(28,235),(29,235),(20,236),(28,236),(3,237),(4,237),(14,237),(20,237),(29,237),(32,237),(2,238),(23,238),(41,238),(18,239),(27,240),(39,240),(10,241),(22,241),(26,241),(4,242),(16,242),(17,242),(25,242),(26,242),(35,242),(39,242),(31,243),(39,243),(40,243),(25,245),(8,246),(23,246),(24,246),(28,246),(33,246),(38,246),(1,247),(2,247),(3,247),(12,247),(18,247),(24,247),(29,247),(32,247),(34,247),(27,248),(21,249),(40,249),(26,250),(29,250),(6,251),(13,251),(14,251),(19,251),(20,251),(22,251),(10,252),(27,252),(32,252),(17,253),(23,253),(11,254),(42,254),(4,255),(12,255),(18,255),(32,255),(2,256),(5,256),(9,256),(11,256),(15,256),(21,256),(23,256),(17,257),(19,257),(22,257),(23,257),(28,257),(33,257),(12,258),(20,258),(30,258),(5,259),(11,259),(12,259),(31,259),(39,259),(5,260),(7,260),(17,260),(34,260),(41,261),(23,262),(11,317),(16,318),(27,318),(28,318),(25,319),(1,321),(2,321),(3,321),(4,321),(5,321),(6,321),(7,321),(12,321),(28,321),(32,321),(2,322),(3,322),(9,322),(34,322),(39,322),(2,323),(12,323),(13,323),(14,323),(3,325),(16,325),(5,326),(20,326),(29,326),(31,326),(5,327),(18,327),(7,328),(8,328),(36,328),(13,329),(24,331),(6,332),(23,333),(17,334),(31,334),(7,335),(32,335),(35,335),(42,335),(3,336),(4,336),(34,336),(17,337),(39,337),(27,338),(32,338),(17,340),(19,340),(13,341),(22,341),(23,341),(24,341),(3,342),(11,342),(29,342),(11,343),(36,343),(10,344),(11,344),(21,344),(35,344),(27,346),(31,346),(19,347),(21,347),(38,347),(4,348),(14,348),(18,348),(1,351),(2,351),(3,351),(4,351),(5,351),(6,351),(22,351),(33,351),(14,352),(40,352),(1,353),(9,353),(26,353),(27,353),(35,353),(2,354),(28,354),(16,355),(43,355),(13,356),(33,356),(43,356),(31,357),(38,357),(3,358),(4,358),(10,358),(11,358),(12,358),(19,358),(21,358),(29,358),(37,358),(4,368),(9,368),(36,368),(53,368),(4,369),(10,369),(54,369),(2,405),(4,405),(5,405);
/*!40000 ALTER TABLE `positions_tags` ENABLE KEYS */;
UNLOCK TABLES;

--
-- Table structure for table `project`
--

DROP TABLE IF EXISTS `project`;
/*!40101 SET @saved_cs_client     = @@character_set_client */;
/*!40101 SET character_set_client = utf8 */;
CREATE TABLE `project` (
  `project_id` int(11) NOT NULL AUTO_INCREMENT,
  `project_name` varchar(100) NOT NULL,
  `description` text NOT NULL,
  `creator_id` bigint(20) NOT NULL,
  `creation_date` timestamp NOT NULL DEFAULT CURRENT_TIMESTAMP,
  `completion_date` timestamp NULL DEFAULT NULL,
  PRIMARY KEY (`project_id`),
  UNIQUE KEY `project_name_UNIQUE` (`project_name`),
  KEY `creator_id` (`creator_id`),
  CONSTRAINT `FKoc22ltfbv8myeewvtm5j7q0dg` FOREIGN KEY (`creator_id`) REFERENCES `user` (`user_id`),
  CONSTRAINT `project_ibfk_1` FOREIGN KEY (`creator_id`) REFERENCES `user` (`user_id`)
) ENGINE=InnoDB AUTO_INCREMENT=36 DEFAULT CHARSET=utf8;
/*!40101 SET character_set_client = @saved_cs_client */;

--
-- Dumping data for table `project`
--

LOCK TABLES `project` WRITE;
/*!40000 ALTER TABLE `project` DISABLE KEYS */;
INSERT INTO `project` VALUES (1,'Bootstrap 1.0','Lorem ipsum dolor sit amet, consectetur adipiscing elit, sed do eiusmod tempor incididunt ut labore et dolore magna aliqua. Ut enim ad minim veniam, quis nostrud exercitation ullamco laboris nisi ut aliquip ex ea commodo consequat. Duis aute irure dolor in reprehenderit in voluptate velit esse cillum dolore eu fugiat nulla pariatur. Excepteur sint occaecat cupidatat non proident, sunt in culpa qui officia deserunt mollit anim id est laborum.',7,'2016-12-02 12:54:02',NULL),(2,'Hibernaate','ORM for JAVA',2,'2016-12-02 12:54:22',NULL),(3,'Projectica','Social network for junior programmers',53,'2016-12-26 17:52:35',NULL),(4,'Facebook','Social newtwork',159,'2016-12-26 18:12:24',NULL),(5,'CodeLink','Super innovative view on programming',359,'2016-12-26 18:12:24',NULL),(6,'ErWin','CASE tool for modelling databases',457,'2016-12-26 18:12:24',NULL),(7,'Colibri','Operating system written on Assembler',353,'2016-12-26 18:12:24',NULL),(8,'LeJournal','Web site for world wide news',456,'2016-12-26 18:12:24',NULL),(9,'Origin','Game center',23,'2016-12-26 18:12:24',NULL),(10,'Aukro','Web trading place',115,'2016-12-26 18:12:24',NULL),(11,'Literature','Online bookstore',229,'2016-12-26 18:12:24',NULL),(12,'Workbench','Software for tuning up database',12,'2016-12-26 18:54:33',NULL),(13,'Safer','The safest web browser',229,'2016-12-26 18:54:33',NULL),(14,'DriverHelp','Social network for auto drivers',381,'2016-12-26 18:54:33',NULL),(15,'ElementaryOS','Beatiful OS based on Ubuntu',236,'2016-12-26 18:54:33',NULL),(16,'DeMoney','Business portal',333,'2016-12-26 18:54:33',NULL),(17,'Travl','Software aggregating information related with travells',57,'2016-12-26 20:29:54',NULL),(18,'EasyWeb4J','Framework for easy and fast creating web sites via Java',449,'2016-12-26 20:29:54',NULL),(19,'ArtIntel','Artificial inteleggence for PC users',366,'2016-12-26 20:29:54',NULL),(20,'Chat4J','Framefork for easy chat creating',300,'2016-12-26 20:29:54',NULL),(21,'Morze','Software converting text to morze code on speaker',253,'2016-12-26 20:29:54',NULL),(22,'Sniper','Engineering software and device for snipers',321,'2016-12-26 20:37:55',NULL),(23,'Facer','Library for recognition people\'s faces',55,'2016-12-26 20:37:55',NULL),(24,'Uber','Taxi service',69,'2016-12-26 20:41:23',NULL),(25,'Poly','Social network for studing foreign languages',78,'2016-12-26 20:41:23',NULL),(26,'PyIDE','Creating free IDE for Python',33,'2016-12-26 20:41:23',NULL),(27,'VK2.0','Creating new client for Android version of VK',87,'2016-12-26 20:41:23',NULL),(28,'Adblock','Creating browser plugin for blocking advertisments',118,'2016-12-26 20:45:19',NULL),(29,'GoIDE','Creating IDE for Go lang',44,'2016-12-26 20:45:19',NULL),(30,'Projectica TEST','Join me, please',7,'2017-01-19 21:22:15',NULL),(31,'New Project','bla-bla-bla',7,'2017-01-20 11:53:32',NULL),(32,'AbsolutelyNewProject','Just test, stop reading it.',7,'2017-03-17 10:15:45',NULL),(33,'JustNewProject','Blah-bash-blah Mr. Freeman',7,'2017-03-17 10:21:23',NULL),(34,'SuperProject','The final test',7,'2017-03-17 12:11:51',NULL),(35,'Amalgama','Cool site this popular sings translations',514,'2017-04-30 08:40:57',NULL);
/*!40000 ALTER TABLE `project` ENABLE KEYS */;
UNLOCK TABLES;

--
-- Table structure for table `request`
--

DROP TABLE IF EXISTS `request`;
/*!40101 SET @saved_cs_client     = @@character_set_client */;
/*!40101 SET character_set_client = utf8 */;
CREATE TABLE `request` (
  `request_id` bigint(20) NOT NULL AUTO_INCREMENT,
  `user_id` bigint(20) NOT NULL,
  `position_id` bigint(20) NOT NULL,
  `user_additions` varchar(300) DEFAULT NULL,
  `request_date` timestamp NOT NULL DEFAULT CURRENT_TIMESTAMP,
  `estimation` int(11) DEFAULT NULL,
  PRIMARY KEY (`request_id`),
  KEY `user_id_idx` (`user_id`),
  KEY `FK_REQUEST_POSITION_ID_idx` (`position_id`),
  CONSTRAINT `FKjostakp31wbdp00ne92161j7q` FOREIGN KEY (`position_id`) REFERENCES `position` (`position_id`),
  CONSTRAINT `FKqws2fdeknk90txm7qnm9bxd07` FOREIGN KEY (`user_id`) REFERENCES `user` (`user_id`),
  CONSTRAINT `FK_fcvqyup0jcn9c66y6j0dr910o` FOREIGN KEY (`position_id`) REFERENCES `position` (`position_id`),
  CONSTRAINT `FK_REQUEST_USER_ID` FOREIGN KEY (`user_id`) REFERENCES `user` (`user_id`) ON DELETE CASCADE ON UPDATE NO ACTION
) ENGINE=InnoDB AUTO_INCREMENT=17 DEFAULT CHARSET=utf8;
/*!40101 SET character_set_client = @saved_cs_client */;

--
-- Dumping data for table `request`
--

LOCK TABLES `request` WRITE;
/*!40000 ALTER TABLE `request` DISABLE KEYS */;
INSERT INTO `request` VALUES (1,514,317,'I wanna take a part in your project as C++ developer.','2017-01-07 17:55:05',15),(2,516,317,'I\'m the best C++ developer!','2017-01-08 15:54:49',33),(3,514,318,'I\'m a professional in this technologies.','2017-01-20 12:02:22',100),(4,514,355,'I wanna take a part in your project','2017-01-22 13:03:53',95),(5,514,356,'I am the best PM ever.','2017-01-22 13:28:32',0),(6,514,357,'I wanna take a part in your project.','2017-03-13 10:58:22',0),(7,516,358,'Please, give me one more chance, I won\'t let you down.','2017-03-13 12:46:38',0),(8,514,358,'Heeey, new position. May I get it?','2017-03-13 12:47:16',0),(9,514,359,'Wazaaaa','2017-03-13 13:16:47',0),(10,516,360,'aaaaa test aaa','2017-03-13 18:14:52',0),(11,514,360,'aaa I\'m DeanW','2017-03-13 18:18:12',0),(12,514,368,'dasdasd','2017-03-18 14:46:10',0),(13,514,369,'vfgd  gr gr rg dsg g','2017-03-18 14:46:59',0),(14,516,356,'sajdfklasfk ashfkahfkl haslkfhaskfh kjhf sakhf ','2017-03-29 10:54:06',0),(15,7,319,'cscsdscsd','2017-04-13 10:14:48',0),(16,516,359,'Please','2017-07-19 19:21:40',0);
/*!40000 ALTER TABLE `request` ENABLE KEYS */;
UNLOCK TABLES;

--
-- Table structure for table `tag`
--

DROP TABLE IF EXISTS `tag`;
/*!40101 SET @saved_cs_client     = @@character_set_client */;
/*!40101 SET character_set_client = utf8 */;
CREATE TABLE `tag` (
  `tag_id` int(11) NOT NULL AUTO_INCREMENT,
  `tag` varchar(20) NOT NULL,
  PRIMARY KEY (`tag_id`),
  UNIQUE KEY `tag_UNIQUE` (`tag`)
) ENGINE=InnoDB AUTO_INCREMENT=60 DEFAULT CHARSET=utf8;
/*!40101 SET character_set_client = @saved_cs_client */;

--
-- Dumping data for table `tag`
--

LOCK TABLES `tag` WRITE;
/*!40000 ALTER TABLE `tag` DISABLE KEYS */;
INSERT INTO `tag` VALUES (36,'.NET'),(9,'3D'),(45,'aaa'),(38,'Android'),(58,'Apache'),(53,'Assembler'),(22,'AutoIT'),(8,'c#'),(7,'c/c++'),(33,'CodeSys'),(28,'Cotlin'),(5,'css'),(14,'DirectX'),(21,'Droopal'),(37,'Flash'),(26,'Go'),(41,'Google Maps API'),(56,'H2'),(57,'Haskell'),(12,'hibernate'),(1,'html'),(55,'HTML/CSS/JS'),(4,'java'),(43,'Javascript'),(6,'js'),(30,'JSF'),(29,'JSP'),(19,'Linux'),(32,'MariaDB'),(31,'MongoDB'),(3,'mysql'),(35,'NoSQL'),(39,'Objective C'),(15,'Ogre3D'),(54,'OOP'),(13,'OpenGL'),(17,'Oracle'),(59,'ORM'),(2,'php'),(44,'PM'),(16,'PostgreSQL'),(23,'Python'),(24,'Ruby'),(27,'Scala'),(42,'Selenium'),(10,'spring'),(11,'spring mvc'),(34,'SQL'),(18,'SQL Server'),(40,'Swift'),(25,'VK API'),(20,'WordPress');
/*!40000 ALTER TABLE `tag` ENABLE KEYS */;
UNLOCK TABLES;

--
-- Table structure for table `user`
--

DROP TABLE IF EXISTS `user`;
/*!40101 SET @saved_cs_client     = @@character_set_client */;
/*!40101 SET character_set_client = utf8 */;
CREATE TABLE `user` (
  `user_id` bigint(20) NOT NULL AUTO_INCREMENT,
  `name` varchar(40) DEFAULT NULL,
  `surname` varchar(40) DEFAULT NULL,
  `email` varchar(40) NOT NULL,
  `cv_link` varchar(128) DEFAULT NULL,
  `password` varchar(60) NOT NULL,
  `username` varchar(40) CHARACTER SET utf8 COLLATE utf8_bin NOT NULL,
  `registration_date` timestamp NOT NULL DEFAULT CURRENT_TIMESTAMP,
  `enabled` bit(1) DEFAULT b'0',
  PRIMARY KEY (`user_id`),
  UNIQUE KEY `username_UNIQUE` (`username`),
  UNIQUE KEY `email_UNIQUE` (`email`)
) ENGINE=InnoDB AUTO_INCREMENT=555 DEFAULT CHARSET=utf8;
/*!40101 SET character_set_client = @saved_cs_client */;

--
-- Dumping data for table `user`
--

LOCK TABLES `user` WRITE;
/*!40000 ALTER TABLE `user` DISABLE KEYS */;
INSERT INTO `user` VALUES (1,NULL,NULL,'peter@mail.ru',NULL,'123','Parker','2016-12-02 12:14:00',''),(2,NULL,NULL,'paul@ya.ru',NULL,'123','Paul','2016-12-02 12:14:21',''),(3,NULL,NULL,'amanda@gmail.com',NULL,'123','Amanda','2016-12-02 12:53:05',''),(4,NULL,NULL,'jess@yahoo.com',NULL,'123','Jessica','2016-12-02 12:53:05',''),(5,NULL,NULL,'john@i.ua',NULL,'123','John','2016-12-02 12:53:05',''),(7,'Vitaly','Dumma','vetalzloy@gmail.com','https://drive.google.com/file/d/0ByomR5LmYOJqbzQxWThsTXZ5dXc/view','$2a$10$5WB/XXCpvFG6m1bY5Kp52O9pcDK9Pm04BNoAwH6hFCek20.e81MaS','VetalZloy','2016-12-26 09:08:50',''),(8,NULL,NULL,'alexis@gmail.com',NULL,'123','Alexis','2016-12-26 09:23:48',''),(9,NULL,NULL,'jeorge@gmail.com',NULL,'132','Jeorge','2016-12-26 09:25:24',''),(10,NULL,NULL,'max@gmail.com',NULL,'123','Max','2016-12-26 09:25:24',''),(11,NULL,NULL,'holey@gmail.com',NULL,'123','Holey','2016-12-26 09:25:24',''),(12,NULL,NULL,'audrey@gmail.com',NULL,'123','Audrey','2016-12-26 09:25:24',''),(13,NULL,NULL,'lisa@gmail.com',NULL,'123','Lisa','2016-12-26 09:27:34',''),(14,NULL,NULL,'tess@gmail.com',NULL,'123','Tess','2016-12-26 09:27:34',''),(15,NULL,NULL,'eshton@gmail.com',NULL,'123','Eshton','2016-12-26 09:27:34',''),(16,NULL,NULL,'kendra@gmail.com',NULL,'123','Kendra','2016-12-26 09:27:34',''),(17,NULL,NULL,'bill@ya.ru',NULL,'123','Bill','2016-12-26 09:30:26',''),(18,NULL,NULL,'donald@gmail.com',NULL,'123','Donald','2016-12-26 09:30:26',''),(19,NULL,NULL,'mark@gmail.com',NULL,'123','Mark','2016-12-26 09:30:26',''),(20,NULL,NULL,'eugene@gmail.com',NULL,'123','Eugene','2016-12-26 09:30:26',''),(21,NULL,NULL,'will@gmail.com',NULL,'123','Will','2016-12-26 09:30:26',''),(22,NULL,NULL,'jacob@gmail.com',NULL,'123','Jacob','2016-12-26 11:12:36',''),(23,NULL,NULL,'michael@gmail.com',NULL,'123','Michael','2016-12-26 11:12:36',''),(24,NULL,NULL,'joshua@gmail.com',NULL,'123','Joshua','2016-12-26 11:12:36',''),(25,NULL,NULL,'matthew@gmail.com',NULL,'123','Matthew','2016-12-26 11:12:36',''),(26,NULL,NULL,'ethan@gmail.com',NULL,'123','Ethan','2016-12-26 11:12:36',''),(27,NULL,NULL,'andrew@gmail.com',NULL,'123','Andrew','2016-12-26 11:12:36',''),(28,NULL,NULL,'daniel@gmail.com',NULL,'123','Daniel','2016-12-26 11:12:36',''),(29,NULL,NULL,'anthony@gmail.com',NULL,'123','Anthony','2016-12-26 11:12:36',''),(30,NULL,NULL,'christopher@gmail.com',NULL,'123','Christopher','2016-12-26 11:12:36',''),(31,NULL,NULL,'joseph@gmail.com',NULL,'123','Joseph','2016-12-26 11:12:37',''),(32,NULL,NULL,'william@gmail.com',NULL,'123','William','2016-12-26 11:12:37',''),(33,NULL,NULL,'alexander@gmail.com',NULL,'123','Alexander','2016-12-26 11:12:37',''),(34,NULL,NULL,'ryan@gmail.com',NULL,'123','Ryan','2016-12-26 11:12:37',''),(35,NULL,NULL,'david@gmail.com',NULL,'123','David','2016-12-26 11:12:37',''),(36,NULL,NULL,'nicholas@gmail.com',NULL,'123','Nicholas','2016-12-26 11:12:37',''),(37,NULL,NULL,'tyler@gmail.com',NULL,'123','Tyler','2016-12-26 11:12:37',''),(38,NULL,NULL,'james@gmail.com',NULL,'123','James','2016-12-26 11:12:37',''),(39,NULL,NULL,'jonathan@gmail.com',NULL,'123','Jonathan','2016-12-26 11:12:37',''),(40,NULL,NULL,'nathan@gmail.com',NULL,'123','Nathan','2016-12-26 11:12:37',''),(41,NULL,NULL,'samuel@gmail.com',NULL,'123','Samuel','2016-12-26 11:12:37',''),(42,NULL,NULL,'christian@gmail.com',NULL,'123','Christian','2016-12-26 11:12:37',''),(43,NULL,NULL,'noah@gmail.com',NULL,'123','Noah','2016-12-26 11:12:37',''),(44,NULL,NULL,'dylan@gmail.com',NULL,'123','Dylan','2016-12-26 11:12:37',''),(45,NULL,NULL,'benjamin@gmail.com',NULL,'123','Benjamin','2016-12-26 11:12:37',''),(46,NULL,NULL,'logan@gmail.com',NULL,'123','Logan','2016-12-26 11:12:37',''),(47,NULL,NULL,'brandon@gmail.com',NULL,'123','Brandon','2016-12-26 11:12:37',''),(48,NULL,NULL,'gabriel@gmail.com',NULL,'123','Gabriel','2016-12-26 11:12:37',''),(49,NULL,NULL,'zachary@gmail.com',NULL,'123','Zachary','2016-12-26 11:12:37',''),(50,NULL,NULL,'jose@gmail.com',NULL,'123','Jose','2016-12-26 11:12:37',''),(51,NULL,NULL,'elijah@gmail.com',NULL,'123','Elijah','2016-12-26 11:12:37',''),(52,NULL,NULL,'angel@gmail.com',NULL,'123','Angel','2016-12-26 11:12:37',''),(53,NULL,NULL,'kevin@gmail.com',NULL,'123','Kevin','2016-12-26 11:12:37',''),(54,NULL,NULL,'jack@gmail.com',NULL,'123','Jack','2016-12-26 11:12:37',''),(55,NULL,NULL,'caleb@gmail.com',NULL,'123','Caleb','2016-12-26 11:12:37',''),(56,NULL,NULL,'justin@gmail.com',NULL,'123','Justin','2016-12-26 11:12:37',''),(57,NULL,NULL,'austin@gmail.com',NULL,'123','Austin','2016-12-26 11:12:37',''),(58,NULL,NULL,'evan@gmail.com',NULL,'123','Evan','2016-12-26 11:12:37',''),(59,NULL,NULL,'robert@gmail.com',NULL,'123','Robert','2016-12-26 11:12:37',''),(60,NULL,NULL,'thomas@gmail.com',NULL,'123','Thomas','2016-12-26 11:12:37',''),(61,NULL,NULL,'luke@gmail.com',NULL,'123','Luke','2016-12-26 11:12:37',''),(62,NULL,NULL,'mason@gmail.com',NULL,'123','Mason','2016-12-26 11:12:37',''),(63,NULL,NULL,'aidan@gmail.com',NULL,'123','Aidan','2016-12-26 11:12:37',''),(64,NULL,NULL,'jackson@gmail.com',NULL,'123','Jackson','2016-12-26 11:12:37',''),(65,NULL,NULL,'isaiah@gmail.com',NULL,'123','Isaiah','2016-12-26 11:12:37',''),(66,NULL,NULL,'jordan@gmail.com',NULL,'123','Jordan','2016-12-26 11:12:37',''),(67,NULL,NULL,'gavin@gmail.com',NULL,'123','Gavin','2016-12-26 11:12:37',''),(68,NULL,NULL,'connor@gmail.com',NULL,'123','Connor','2016-12-26 11:12:37',''),(69,NULL,NULL,'aiden@gmail.com',NULL,'123','Aiden','2016-12-26 11:12:37',''),(70,NULL,NULL,'isaac@gmail.com',NULL,'123','Isaac','2016-12-26 11:12:37',''),(71,NULL,NULL,'jason@gmail.com',NULL,'123','Jason','2016-12-26 11:12:37',''),(72,NULL,NULL,'cameron@gmail.com',NULL,'123','Cameron','2016-12-26 11:12:37',''),(73,NULL,NULL,'hunter@gmail.com',NULL,'123','Hunter','2016-12-26 11:12:38',''),(74,NULL,NULL,'jayden@gmail.com',NULL,'123','Jayden','2016-12-26 11:12:38',''),(75,NULL,NULL,'juan@gmail.com',NULL,'123','Juan','2016-12-26 11:12:38',''),(76,NULL,NULL,'charles@gmail.com',NULL,'123','Charles','2016-12-26 11:12:38',''),(77,NULL,NULL,'aaron@gmail.com',NULL,'123','Aaron','2016-12-26 11:12:38',''),(78,NULL,NULL,'lucas@gmail.com',NULL,'123','Lucas','2016-12-26 11:12:38',''),(79,NULL,NULL,'luis@gmail.com',NULL,'123','Luis','2016-12-26 11:12:38',''),(80,NULL,NULL,'owen@gmail.com',NULL,'123','Owen','2016-12-26 11:12:38',''),(81,NULL,NULL,'landon@gmail.com',NULL,'123','Landon','2016-12-26 11:12:38',''),(82,NULL,NULL,'diego@gmail.com',NULL,'123','Diego','2016-12-26 11:12:38',''),(83,NULL,NULL,'brian@gmail.com',NULL,'123','Brian','2016-12-26 11:12:38',''),(84,NULL,NULL,'adam@gmail.com',NULL,'123','Adam','2016-12-26 11:12:38',''),(85,NULL,NULL,'adrian@gmail.com',NULL,'123','Adrian','2016-12-26 11:12:38',''),(86,NULL,NULL,'kyle@gmail.com',NULL,'123','Kyle','2016-12-26 11:12:38',''),(87,NULL,NULL,'eric@gmail.com',NULL,'123','Eric','2016-12-26 11:12:38',''),(88,NULL,NULL,'ian@gmail.com',NULL,'123','Ian','2016-12-26 11:12:38',''),(89,NULL,NULL,'nathaniel@gmail.com',NULL,'123','Nathaniel','2016-12-26 11:12:38',''),(90,NULL,NULL,'carlos@gmail.com',NULL,'123','Carlos','2016-12-26 11:12:38',''),(91,NULL,NULL,'alex@gmail.com',NULL,'123','Alex','2016-12-26 11:12:38',''),(92,NULL,NULL,'bryan@gmail.com',NULL,'123','Bryan','2016-12-26 11:12:38',''),(93,NULL,NULL,'jesus@gmail.com',NULL,'123','Jesus','2016-12-26 11:12:38',''),(94,NULL,NULL,'julian@gmail.com',NULL,'123','Julian','2016-12-26 11:12:38',''),(95,NULL,NULL,'sean@gmail.com',NULL,'123','Sean','2016-12-26 11:12:38',''),(96,NULL,NULL,'carter@gmail.com',NULL,'123','Carter','2016-12-26 11:12:38',''),(97,NULL,NULL,'hayden@gmail.com',NULL,'123','Hayden','2016-12-26 11:12:38',''),(98,NULL,NULL,'jeremiah@gmail.com',NULL,'123','Jeremiah','2016-12-26 11:12:38',''),(99,NULL,NULL,'cole@gmail.com',NULL,'123','Cole','2016-12-26 11:12:38',''),(100,NULL,NULL,'brayden@gmail.com',NULL,'123','Brayden','2016-12-26 11:12:38',''),(101,NULL,NULL,'wyatt@gmail.com',NULL,'123','Wyatt','2016-12-26 11:12:38',''),(102,NULL,NULL,'chase@gmail.com',NULL,'123','Chase','2016-12-26 11:12:38',''),(103,NULL,NULL,'steven@gmail.com',NULL,'123','Steven','2016-12-26 11:12:38',''),(104,NULL,NULL,'timothy@gmail.com',NULL,'123','Timothy','2016-12-26 11:12:38',''),(105,NULL,NULL,'dominic@gmail.com',NULL,'123','Dominic','2016-12-26 11:12:38',''),(106,NULL,NULL,'sebastian@gmail.com',NULL,'123','Sebastian','2016-12-26 11:12:38',''),(107,NULL,NULL,'xavier@gmail.com',NULL,'123','Xavier','2016-12-26 11:12:38',''),(108,NULL,NULL,'jaden@gmail.com',NULL,'123','Jaden','2016-12-26 11:12:38',''),(109,NULL,NULL,'jesse@gmail.com',NULL,'123','Jesse','2016-12-26 11:12:38',''),(110,NULL,NULL,'devin@gmail.com',NULL,'123','Devin','2016-12-26 11:12:38',''),(111,NULL,NULL,'seth@gmail.com',NULL,'123','Seth','2016-12-26 11:12:38',''),(112,NULL,NULL,'antonio@gmail.com',NULL,'123','Antonio','2016-12-26 11:12:38',''),(113,NULL,NULL,'richard@gmail.com',NULL,'123','Richard','2016-12-26 11:12:38',''),(114,NULL,NULL,'miguel@gmail.com',NULL,'123','Miguel','2016-12-26 11:12:38',''),(115,NULL,NULL,'colin@gmail.com',NULL,'123','Colin','2016-12-26 11:12:38',''),(116,NULL,NULL,'cody@gmail.com',NULL,'123','Cody','2016-12-26 11:12:38',''),(117,NULL,NULL,'alejandro@gmail.com',NULL,'123','Alejandro','2016-12-26 11:12:39',''),(118,NULL,NULL,'caden@gmail.com',NULL,'123','Caden','2016-12-26 11:12:39',''),(119,NULL,NULL,'blake@gmail.com',NULL,'123','Blake','2016-12-26 11:12:39',''),(120,NULL,NULL,'carson@gmail.com',NULL,'123','Carson','2016-12-26 11:12:39',''),(121,NULL,NULL,'kaden@gmail.com',NULL,'123','Kaden','2016-12-26 11:12:39',''),(122,NULL,NULL,'jake@gmail.com',NULL,'123','Jake','2016-12-26 11:12:39',''),(123,NULL,NULL,'henry@gmail.com',NULL,'123','Henry','2016-12-26 11:12:39',''),(124,NULL,NULL,'liam@gmail.com',NULL,'123','Liam','2016-12-26 11:12:39',''),(125,NULL,NULL,'victor@gmail.com',NULL,'123','Victor','2016-12-26 11:12:39',''),(126,NULL,NULL,'riley@gmail.com',NULL,'123','Riley','2016-12-26 11:12:39',''),(127,NULL,NULL,'ashton@gmail.com',NULL,'123','Ashton','2016-12-26 11:12:39',''),(128,NULL,NULL,'patrick@gmail.com',NULL,'123','Patrick','2016-12-26 11:12:39',''),(129,NULL,NULL,'bryce@gmail.com',NULL,'123','Bryce','2016-12-26 11:12:39',''),(130,NULL,NULL,'brady@gmail.com',NULL,'123','Brady','2016-12-26 11:12:39',''),(131,NULL,NULL,'vincent@gmail.com',NULL,'123','Vincent','2016-12-26 11:12:39',''),(132,NULL,NULL,'trevor@gmail.com',NULL,'123','Trevor','2016-12-26 11:12:39',''),(133,NULL,NULL,'tristan@gmail.com',NULL,'123','Tristan','2016-12-26 11:12:39',''),(134,NULL,NULL,'jeremy@gmail.com',NULL,'123','Jeremy','2016-12-26 11:12:39',''),(135,NULL,NULL,'oscar@gmail.com',NULL,'123','Oscar','2016-12-26 11:12:40',''),(136,NULL,NULL,'marcus@gmail.com',NULL,'123','Marcus','2016-12-26 11:12:40',''),(137,NULL,NULL,'jorge@gmail.com',NULL,'123','Jorge','2016-12-26 11:12:40',''),(138,NULL,NULL,'kaleb@gmail.com',NULL,'123','Kaleb','2016-12-26 11:12:40',''),(139,NULL,NULL,'cooper@gmail.com',NULL,'123','Cooper','2016-12-26 11:12:40',''),(140,NULL,NULL,'kenneth@gmail.com',NULL,'123','Kenneth','2016-12-26 11:12:40',''),(141,NULL,NULL,'garrett@gmail.com',NULL,'123','Garrett','2016-12-26 11:12:40',''),(142,NULL,NULL,'joel@gmail.com',NULL,'123','Joel','2016-12-26 11:12:40',''),(143,NULL,NULL,'ivan@gmail.com',NULL,'123','Ivan','2016-12-26 11:12:40',''),(144,NULL,NULL,'josiah@gmail.com',NULL,'123','Josiah','2016-12-26 11:12:40',''),(145,NULL,NULL,'alan@gmail.com',NULL,'123','Alan','2016-12-26 11:12:40',''),(146,NULL,NULL,'conner@gmail.com',NULL,'123','Conner','2016-12-26 11:12:40',''),(147,NULL,NULL,'eduardo@gmail.com',NULL,'123','Eduardo','2016-12-26 11:12:40',''),(148,NULL,NULL,'tanner@gmail.com',NULL,'123','Tanner','2016-12-26 11:12:40',''),(149,NULL,NULL,'braden@gmail.com',NULL,'123','Braden','2016-12-26 11:12:40',''),(150,NULL,NULL,'edward@gmail.com',NULL,'123','Edward','2016-12-26 11:12:40',''),(151,NULL,NULL,'omar@gmail.com',NULL,'123','Omar','2016-12-26 11:12:40',''),(152,NULL,NULL,'nicolas@gmail.com',NULL,'123','Nicolas','2016-12-26 11:12:40',''),(153,NULL,NULL,'jared@gmail.com',NULL,'123','Jared','2016-12-26 11:12:40',''),(154,NULL,NULL,'peyton@gmail.com',NULL,'123','Peyton','2016-12-26 11:12:40',''),(155,NULL,NULL,'george@gmail.com',NULL,'123','George','2016-12-26 11:12:40',''),(156,NULL,NULL,'maxwell@gmail.com',NULL,'123','Maxwell','2016-12-26 11:12:40',''),(157,NULL,NULL,'cristian@gmail.com',NULL,'123','Cristian','2016-12-26 11:12:40',''),(158,NULL,NULL,'francisco@gmail.com',NULL,'123','Francisco','2016-12-26 11:12:40',''),(159,NULL,NULL,'collin@gmail.com',NULL,'123','Collin','2016-12-26 11:12:40',''),(160,NULL,NULL,'nolan@gmail.com',NULL,'123','Nolan','2016-12-26 11:12:40',''),(161,NULL,NULL,'preston@gmail.com',NULL,'123','Preston','2016-12-26 11:12:40',''),(162,NULL,NULL,'stephen@gmail.com',NULL,'123','Stephen','2016-12-26 11:12:40',''),(163,NULL,NULL,'ayden@gmail.com',NULL,'123','Ayden','2016-12-26 11:12:40',''),(164,NULL,NULL,'gage@gmail.com',NULL,'123','Gage','2016-12-26 11:12:40',''),(165,NULL,NULL,'levi@gmail.com',NULL,'123','Levi','2016-12-26 11:12:40',''),(166,NULL,NULL,'dakota@gmail.com',NULL,'123','Dakota','2016-12-26 11:12:40',''),(167,NULL,NULL,'micah@gmail.com',NULL,'123','Micah','2016-12-26 11:12:40',''),(168,NULL,NULL,'eli@gmail.com',NULL,'123','Eli','2016-12-26 11:12:40',''),(169,NULL,NULL,'manuel@gmail.com',NULL,'123','Manuel','2016-12-26 11:12:40',''),(170,NULL,NULL,'grant@gmail.com',NULL,'123','Grant','2016-12-26 11:12:40',''),(171,NULL,NULL,'colton@gmail.com',NULL,'123','Colton','2016-12-26 11:12:40',''),(172,NULL,NULL,'damian@gmail.com',NULL,'123','Damian','2016-12-26 11:12:40',''),(173,NULL,NULL,'ricardo@gmail.com',NULL,'123','Ricardo','2016-12-26 11:12:41',''),(174,NULL,NULL,'giovanni@gmail.com',NULL,'123','Giovanni','2016-12-26 11:12:41',''),(175,NULL,NULL,'andres@gmail.com',NULL,'123','Andres','2016-12-26 11:12:41',''),(176,NULL,NULL,'emmanuel@gmail.com',NULL,'123','Emmanuel','2016-12-26 11:12:41',''),(177,NULL,NULL,'peter@gmail.com',NULL,'123','Peter','2016-12-26 11:12:41',''),(178,NULL,NULL,'malachi@gmail.com',NULL,'123','Malachi','2016-12-26 11:12:41',''),(179,NULL,NULL,'cesar@gmail.com',NULL,'123','Cesar','2016-12-26 11:12:41',''),(180,NULL,NULL,'javier@gmail.com',NULL,'123','Javier','2016-12-26 11:12:41',''),(181,NULL,NULL,'hector@gmail.com',NULL,'123','Hector','2016-12-26 11:12:41',''),(182,NULL,NULL,'edgar@gmail.com',NULL,'123','Edgar','2016-12-26 11:12:41',''),(183,NULL,NULL,'shane@gmail.com',NULL,'123','Shane','2016-12-26 11:12:41',''),(184,NULL,NULL,'fernando@gmail.com',NULL,'123','Fernando','2016-12-26 11:12:41',''),(185,NULL,NULL,'ty@gmail.com',NULL,'123','Ty','2016-12-26 11:12:41',''),(186,NULL,NULL,'jeffrey@gmail.com',NULL,'123','Jeffrey','2016-12-26 11:12:41',''),(187,NULL,NULL,'bradley@gmail.com',NULL,'123','Bradley','2016-12-26 11:12:41',''),(188,NULL,NULL,'derek@gmail.com',NULL,'123','Derek','2016-12-26 11:12:41',''),(189,NULL,NULL,'travis@gmail.com',NULL,'123','Travis','2016-12-26 11:12:41',''),(190,NULL,NULL,'brendan@gmail.com',NULL,'123','Brendan','2016-12-26 11:12:41',''),(191,NULL,NULL,'shawn@gmail.com',NULL,'123','Shawn','2016-12-26 11:12:41',''),(192,NULL,NULL,'edwin@gmail.com',NULL,'123','Edwin','2016-12-26 11:12:41',''),(193,NULL,NULL,'spencer@gmail.com',NULL,'123','Spencer','2016-12-26 11:12:41',''),(194,NULL,NULL,'mario@gmail.com',NULL,'123','Mario','2016-12-26 11:12:41',''),(195,NULL,NULL,'dalton@gmail.com',NULL,'123','Dalton','2016-12-26 11:12:41',''),(196,NULL,NULL,'erick@gmail.com',NULL,'123','Erick','2016-12-26 11:12:41',''),(197,NULL,NULL,'johnathan@gmail.com',NULL,'123','Johnathan','2016-12-26 11:12:41',''),(198,NULL,NULL,'erik@gmail.com',NULL,'123','Erik','2016-12-26 11:12:41',''),(199,NULL,NULL,'jonah@gmail.com',NULL,'123','Jonah','2016-12-26 11:12:41',''),(200,NULL,NULL,'donovan@gmail.com',NULL,'123','Donovan','2016-12-26 11:12:41',''),(201,NULL,NULL,'leonardo@gmail.com',NULL,'123','Leonardo','2016-12-26 11:12:41',''),(202,NULL,NULL,'wesley@gmail.com',NULL,'123','Wesley','2016-12-26 11:12:41',''),(203,NULL,NULL,'elias@gmail.com',NULL,'123','Elias','2016-12-26 11:12:41',''),(204,NULL,NULL,'marco@gmail.com',NULL,'123','Marco','2016-12-26 11:12:41',''),(205,NULL,NULL,'trenton@gmail.com',NULL,'123','Trenton','2016-12-26 11:12:41',''),(206,NULL,NULL,'devon@gmail.com',NULL,'123','Devon','2016-12-26 11:12:41',''),(207,NULL,NULL,'brody@gmail.com',NULL,'123','Brody','2016-12-26 11:12:41',''),(208,NULL,NULL,'abraham@gmail.com',NULL,'123','Abraham','2016-12-26 11:12:41',''),(209,NULL,NULL,'jaylen@gmail.com',NULL,'123','Jaylen','2016-12-26 11:12:41',''),(210,NULL,NULL,'bryson@gmail.com',NULL,'123','Bryson','2016-12-26 11:12:41',''),(211,NULL,NULL,'josue@gmail.com',NULL,'123','Josue','2016-12-26 11:12:41',''),(212,NULL,NULL,'sergio@gmail.com',NULL,'123','Sergio','2016-12-26 11:12:41',''),(213,NULL,NULL,'drew@gmail.com',NULL,'123','Drew','2016-12-26 11:12:41',''),(214,NULL,NULL,'damien@gmail.com',NULL,'123','Damien','2016-12-26 11:12:41',''),(215,NULL,NULL,'raymond@gmail.com',NULL,'123','Raymond','2016-12-26 11:12:41',''),(216,NULL,NULL,'andy@gmail.com',NULL,'123','Andy','2016-12-26 11:12:41',''),(217,NULL,NULL,'dillon@gmail.com',NULL,'123','Dillon','2016-12-26 11:12:41',''),(218,NULL,NULL,'gregory@gmail.com',NULL,'123','Gregory','2016-12-26 11:12:42',''),(219,NULL,NULL,'roberto@gmail.com',NULL,'123','Roberto','2016-12-26 11:12:42',''),(220,NULL,NULL,'roman@gmail.com',NULL,'123','Roman','2016-12-26 11:12:42',''),(221,NULL,NULL,'martin@gmail.com',NULL,'123','Martin','2016-12-26 11:12:42',''),(222,NULL,NULL,'andre@gmail.com',NULL,'123','Andre','2016-12-26 11:12:42',''),(223,NULL,NULL,'jace@gmail.com',NULL,'123','Jace','2016-12-26 11:12:42',''),(224,NULL,NULL,'oliver@gmail.com',NULL,'123','Oliver','2016-12-26 11:12:42',''),(225,NULL,NULL,'miles@gmail.com',NULL,'123','Miles','2016-12-26 11:12:42',''),(226,NULL,NULL,'harrison@gmail.com',NULL,'123','Harrison','2016-12-26 11:12:42',''),(227,NULL,NULL,'jalen@gmail.com',NULL,'123','Jalen','2016-12-26 11:12:42',''),(228,NULL,NULL,'corey@gmail.com',NULL,'123','Corey','2016-12-26 11:12:42',''),(229,NULL,NULL,'dominick@gmail.com',NULL,'123','Dominick','2016-12-26 11:12:42',''),(230,NULL,NULL,'avery@gmail.com',NULL,'123','Avery','2016-12-26 11:12:42',''),(231,NULL,NULL,'clayton@gmail.com',NULL,'123','Clayton','2016-12-26 11:12:42',''),(232,NULL,NULL,'pedro@gmail.com',NULL,'123','Pedro','2016-12-26 11:12:42',''),(233,NULL,NULL,'israel@gmail.com',NULL,'123','Israel','2016-12-26 11:12:42',''),(234,NULL,NULL,'calvin@gmail.com',NULL,'123','Calvin','2016-12-26 11:12:42',''),(235,NULL,NULL,'colby@gmail.com',NULL,'123','Colby','2016-12-26 11:12:42',''),(236,NULL,NULL,'dawson@gmail.com',NULL,'123','Dawson','2016-12-26 11:12:42',''),(237,NULL,NULL,'cayden@gmail.com',NULL,'123','Cayden','2016-12-26 11:12:42',''),(238,NULL,NULL,'jaiden@gmail.com',NULL,'123','Jaiden','2016-12-26 11:12:42',''),(239,NULL,NULL,'taylor@gmail.com',NULL,'123','Taylor','2016-12-26 11:12:42',''),(240,NULL,NULL,'landen@gmail.com',NULL,'123','Landen','2016-12-26 11:12:42',''),(241,NULL,NULL,'troy@gmail.com',NULL,'123','Troy','2016-12-26 11:12:42',''),(242,NULL,NULL,'julio@gmail.com',NULL,'123','Julio','2016-12-26 11:12:42',''),(243,NULL,NULL,'trey@gmail.com',NULL,'123','Trey','2016-12-26 11:12:42',''),(244,NULL,NULL,'jaxon@gmail.com',NULL,'123','Jaxon','2016-12-26 11:12:42',''),(245,NULL,NULL,'rafael@gmail.com',NULL,'123','Rafael','2016-12-26 11:12:42',''),(246,NULL,NULL,'dustin@gmail.com',NULL,'123','Dustin','2016-12-26 11:12:42',''),(247,NULL,NULL,'ruben@gmail.com',NULL,'123','Ruben','2016-12-26 11:12:42',''),(248,NULL,NULL,'camden@gmail.com',NULL,'123','Camden','2016-12-26 11:12:42',''),(249,NULL,NULL,'frank@gmail.com',NULL,'123','Frank','2016-12-26 11:12:42',''),(250,NULL,NULL,'scott@gmail.com',NULL,'123','Scott','2016-12-26 11:12:42',''),(251,NULL,NULL,'mitchell@gmail.com',NULL,'123','Mitchell','2016-12-26 11:12:42',''),(252,NULL,NULL,'zane@gmail.com',NULL,'123','Zane','2016-12-26 11:12:42',''),(253,NULL,NULL,'payton@gmail.com',NULL,'123','Payton','2016-12-26 11:12:42',''),(254,NULL,NULL,'kai@gmail.com',NULL,'123','Kai','2016-12-26 11:12:42',''),(255,NULL,NULL,'keegan@gmail.com',NULL,'123','Keegan','2016-12-26 11:12:42',''),(256,NULL,NULL,'skyler@gmail.com',NULL,'123','Skyler','2016-12-26 11:12:42',''),(257,NULL,NULL,'brett@gmail.com',NULL,'123','Brett','2016-12-26 11:12:42',''),(258,NULL,NULL,'johnny@gmail.com',NULL,'123','Johnny','2016-12-26 11:12:42',''),(259,NULL,NULL,'griffin@gmail.com',NULL,'123','Griffin','2016-12-26 11:12:42',''),(260,NULL,NULL,'marcos@gmail.com',NULL,'123','Marcos','2016-12-26 11:12:43',''),(261,NULL,NULL,'derrick@gmail.com',NULL,'123','Derrick','2016-12-26 11:12:43',''),(262,NULL,NULL,'drake@gmail.com',NULL,'123','Drake','2016-12-26 11:12:43',''),(263,NULL,NULL,'raul@gmail.com',NULL,'123','Raul','2016-12-26 11:12:43',''),(264,NULL,NULL,'kaiden@gmail.com',NULL,'123','Kaiden','2016-12-26 11:12:43',''),(265,NULL,NULL,'gerardo@gmail.com',NULL,'123','Gerardo','2016-12-26 11:12:43',''),(266,NULL,NULL,'emily@gmail.com',NULL,'123','Emily','2016-12-26 11:12:43',''),(267,NULL,NULL,'emma@gmail.com',NULL,'123','Emma','2016-12-26 11:12:43',''),(268,NULL,NULL,'madison@gmail.com',NULL,'123','Madison','2016-12-26 11:12:43',''),(269,NULL,NULL,'abigail@gmail.com',NULL,'123','Abigail','2016-12-26 11:12:43',''),(270,NULL,NULL,'olivia@gmail.com',NULL,'123','Olivia','2016-12-26 11:12:43',''),(271,NULL,NULL,'isabella@gmail.com',NULL,'123','Isabella','2016-12-26 11:12:43',''),(272,NULL,NULL,'hannah@gmail.com',NULL,'123','Hannah','2016-12-26 11:12:43',''),(273,NULL,NULL,'samantha@gmail.com',NULL,'123','Samantha','2016-12-26 11:12:43',''),(274,NULL,NULL,'ava@gmail.com',NULL,'123','Ava','2016-12-26 11:12:43',''),(275,NULL,NULL,'ashley@gmail.com',NULL,'123','Ashley','2016-12-26 11:12:43',''),(276,NULL,NULL,'sophia@gmail.com',NULL,'123','Sophia','2016-12-26 11:12:43',''),(277,NULL,NULL,'elizabeth@gmail.com',NULL,'123','Elizabeth','2016-12-26 11:12:43',''),(279,NULL,NULL,'grace@gmail.com',NULL,'123','Grace','2016-12-26 11:12:43',''),(280,NULL,NULL,'sarah@gmail.com',NULL,'123','Sarah','2016-12-26 11:12:43',''),(281,NULL,NULL,'alyssa@gmail.com',NULL,'123','Alyssa','2016-12-26 11:12:43',''),(282,NULL,NULL,'mia@gmail.com',NULL,'123','Mia','2016-12-26 11:12:43',''),(283,NULL,NULL,'natalie@gmail.com',NULL,'123','Natalie','2016-12-26 11:12:43',''),(284,NULL,NULL,'chloe@gmail.com',NULL,'123','Chloe','2016-12-26 11:12:43',''),(285,NULL,NULL,'brianna@gmail.com',NULL,'123','Brianna','2016-12-26 11:12:43',''),(286,NULL,NULL,'lauren@gmail.com',NULL,'123','Lauren','2016-12-26 11:12:43',''),(287,NULL,NULL,'ella@gmail.com',NULL,'123','Ella','2016-12-26 11:12:43',''),(288,NULL,NULL,'anna@gmail.com',NULL,'123','Anna','2016-12-26 11:12:43',''),(290,NULL,NULL,'kayla@gmail.com',NULL,'123','Kayla','2016-12-26 11:12:43',''),(291,NULL,NULL,'hailey@gmail.com',NULL,'123','Hailey','2016-12-26 11:12:43',''),(292,NULL,NULL,'victoria@gmail.com',NULL,'123','Victoria','2016-12-26 11:12:43',''),(293,NULL,NULL,'jasmine@gmail.com',NULL,'123','Jasmine','2016-12-26 11:12:43',''),(294,NULL,NULL,'sydney@gmail.com',NULL,'123','Sydney','2016-12-26 11:12:43',''),(295,NULL,NULL,'julia@gmail.com',NULL,'123','Julia','2016-12-26 11:12:43',''),(296,NULL,NULL,'destiny@gmail.com',NULL,'123','Destiny','2016-12-26 11:12:43',''),(297,NULL,NULL,'morgan@gmail.com',NULL,'123','Morgan','2016-12-26 11:12:43',''),(298,NULL,NULL,'kaitlyn@gmail.com',NULL,'123','Kaitlyn','2016-12-26 11:12:43',''),(299,NULL,NULL,'savannah@gmail.com',NULL,'123','Savannah','2016-12-26 11:12:43',''),(300,NULL,NULL,'katherine@gmail.com',NULL,'123','Katherine','2016-12-26 11:12:43',''),(301,NULL,NULL,'alexandra@gmail.com',NULL,'123','Alexandra','2016-12-26 11:12:43',''),(302,NULL,NULL,'rachel@gmail.com',NULL,'123','Rachel','2016-12-26 11:12:43',''),(303,NULL,NULL,'lily@gmail.com',NULL,'123','Lily','2016-12-26 11:12:43',''),(304,NULL,NULL,'megan@gmail.com',NULL,'123','Megan','2016-12-26 11:12:44',''),(305,NULL,NULL,'kaylee@gmail.com',NULL,'123','Kaylee','2016-12-26 11:12:44',''),(306,NULL,NULL,'jennifer@gmail.com',NULL,'123','Jennifer','2016-12-26 11:12:44',''),(307,NULL,NULL,'angelina@gmail.com',NULL,'123','Angelina','2016-12-26 11:12:44',''),(308,NULL,NULL,'makayla@gmail.com',NULL,'123','Makayla','2016-12-26 11:12:44',''),(309,NULL,NULL,'allison@gmail.com',NULL,'123','Allison','2016-12-26 11:12:44',''),(310,NULL,NULL,'brooke@gmail.com',NULL,'123','Brooke','2016-12-26 11:12:44',''),(311,NULL,NULL,'maria@gmail.com',NULL,'123','Maria','2016-12-26 11:12:44',''),(312,NULL,NULL,'trinity@gmail.com',NULL,'123','Trinity','2016-12-26 11:12:44',''),(313,NULL,NULL,'lillian@gmail.com',NULL,'123','Lillian','2016-12-26 11:12:44',''),(314,NULL,NULL,'mackenzie@gmail.com',NULL,'123','Mackenzie','2016-12-26 11:12:44',''),(315,NULL,NULL,'faith@gmail.com',NULL,'123','Faith','2016-12-26 11:12:44',''),(316,NULL,NULL,'sofia@gmail.com',NULL,'123','Sofia','2016-12-26 11:12:44',''),(318,NULL,NULL,'haley@gmail.com',NULL,'123','Haley','2016-12-26 11:12:44',''),(319,NULL,NULL,'gabrielle@gmail.com',NULL,'123','Gabrielle','2016-12-26 11:12:44',''),(320,NULL,NULL,'nicole@gmail.com',NULL,'123','Nicole','2016-12-26 11:12:44',''),(321,NULL,NULL,'kylie@gmail.com',NULL,'123','Kylie','2016-12-26 11:12:44',''),(322,NULL,NULL,'katelyn@gmail.com',NULL,'123','Katelyn','2016-12-26 11:12:44',''),(323,NULL,NULL,'zoe@gmail.com',NULL,'123','Zoe','2016-12-26 11:12:44',''),(324,NULL,NULL,'paige@gmail.com',NULL,'123','Paige','2016-12-26 11:12:44',''),(325,NULL,NULL,'gabriella@gmail.com',NULL,'123','Gabriella','2016-12-26 11:12:44',''),(326,NULL,NULL,'jenna@gmail.com',NULL,'123','Jenna','2016-12-26 11:12:44',''),(327,NULL,NULL,'kimberly@gmail.com',NULL,'123','Kimberly','2016-12-26 11:12:44',''),(328,NULL,NULL,'stephanie@gmail.com',NULL,'123','Stephanie','2016-12-26 11:12:44',''),(329,NULL,NULL,'alexa@gmail.com',NULL,'123','Alexa','2016-12-26 11:12:44',''),(331,NULL,NULL,'andrea@gmail.com',NULL,'123','Andrea','2016-12-26 11:12:44',''),(332,NULL,NULL,'leah@gmail.com',NULL,'123','Leah','2016-12-26 11:12:44',''),(333,NULL,NULL,'madeline@gmail.com',NULL,'123','Madeline','2016-12-26 11:12:44',''),(334,NULL,NULL,'nevaeh@gmail.com',NULL,'123','Nevaeh','2016-12-26 11:12:44',''),(335,NULL,NULL,'evelyn@gmail.com',NULL,'123','Evelyn','2016-12-26 11:12:44',''),(336,NULL,NULL,'maya@gmail.com',NULL,'123','Maya','2016-12-26 11:12:44',''),(337,NULL,NULL,'mary@gmail.com',NULL,'123','Mary','2016-12-26 11:12:44',''),(338,NULL,NULL,'michelle@gmail.com',NULL,'123','Michelle','2016-12-26 11:12:44',''),(339,NULL,NULL,'jada@gmail.com',NULL,'123','Jada','2016-12-26 11:12:44',''),(340,NULL,NULL,'sara@gmail.com',NULL,'123','Sara','2016-12-26 11:12:44',''),(341,NULL,NULL,'brooklyn@gmail.com',NULL,'123','Brooklyn','2016-12-26 11:12:44',''),(342,NULL,NULL,'vanessa@gmail.com',NULL,'123','Vanessa','2016-12-26 11:12:44',''),(343,NULL,NULL,'ariana@gmail.com',NULL,'123','Ariana','2016-12-26 11:12:44',''),(344,NULL,NULL,'rebecca@gmail.com',NULL,'123','Rebecca','2016-12-26 11:12:44',''),(345,NULL,NULL,'caroline@gmail.com',NULL,'123','Caroline','2016-12-26 11:12:44',''),(346,NULL,NULL,'amelia@gmail.com',NULL,'123','Amelia','2016-12-26 11:12:44',''),(347,NULL,NULL,'mariah@gmail.com',NULL,'123','Mariah','2016-12-26 11:12:44',''),(349,NULL,NULL,'jocelyn@gmail.com',NULL,'123','Jocelyn','2016-12-26 11:12:45',''),(350,NULL,NULL,'arianna@gmail.com',NULL,'123','Arianna','2016-12-26 11:12:45',''),(351,NULL,NULL,'isabel@gmail.com',NULL,'123','Isabel','2016-12-26 11:12:45',''),(352,NULL,NULL,'marissa@gmail.com',NULL,'123','Marissa','2016-12-26 11:12:45',''),(353,NULL,NULL,'autumn@gmail.com',NULL,'123','Autumn','2016-12-26 11:12:45',''),(354,NULL,NULL,'melanie@gmail.com',NULL,'123','Melanie','2016-12-26 11:12:45',''),(355,NULL,NULL,'aaliyah@gmail.com',NULL,'123','Aaliyah','2016-12-26 11:12:45',''),(356,NULL,NULL,'gracie@gmail.com',NULL,'123','Gracie','2016-12-26 11:12:45',''),(357,NULL,NULL,'claire@gmail.com',NULL,'123','Claire','2016-12-26 11:12:45',''),(358,NULL,NULL,'isabelle@gmail.com',NULL,'123','Isabelle','2016-12-26 11:12:45',''),(359,NULL,NULL,'molly@gmail.com',NULL,'123','Molly','2016-12-26 11:12:45',''),(360,NULL,NULL,'mya@gmail.com',NULL,'123','Mya','2016-12-26 11:12:45',''),(361,NULL,NULL,'diana@gmail.com',NULL,'123','Diana','2016-12-26 11:12:45',''),(362,NULL,NULL,'katie@gmail.com',NULL,'123','Katie','2016-12-26 11:12:45',''),(363,NULL,NULL,'leslie@gmail.com',NULL,'123','Leslie','2016-12-26 11:12:45',''),(364,NULL,NULL,'amber@gmail.com',NULL,'123','Amber','2016-12-26 11:12:45',''),(365,NULL,NULL,'danielle@gmail.com',NULL,'123','Danielle','2016-12-26 11:12:45',''),(366,NULL,NULL,'melissa@gmail.com',NULL,'123','Melissa','2016-12-26 11:12:45',''),(367,NULL,NULL,'sierra@gmail.com',NULL,'123','Sierra','2016-12-26 11:12:45',''),(368,NULL,NULL,'madelyn@gmail.com',NULL,'123','Madelyn','2016-12-26 11:12:45',''),(369,NULL,NULL,'addison@gmail.com',NULL,'123','Addison','2016-12-26 11:12:45',''),(370,NULL,NULL,'bailey@gmail.com',NULL,'123','Bailey','2016-12-26 11:12:45',''),(371,NULL,NULL,'catherine@gmail.com',NULL,'123','Catherine','2016-12-26 11:12:45',''),(372,NULL,NULL,'gianna@gmail.com',NULL,'123','Gianna','2016-12-26 11:12:45',''),(373,NULL,NULL,'amy@gmail.com',NULL,'123','Amy','2016-12-26 11:12:45',''),(374,NULL,NULL,'erin@gmail.com',NULL,'123','Erin','2016-12-26 11:12:45',''),(375,NULL,NULL,'jade@gmail.com',NULL,'123','Jade','2016-12-26 11:12:45',''),(376,NULL,NULL,'angela@gmail.com',NULL,'123','Angela','2016-12-26 11:12:45',''),(377,NULL,NULL,'gabriela@gmail.com',NULL,'123','Gabriela','2016-12-26 11:12:45',''),(378,NULL,NULL,'jacqueline@gmail.com',NULL,'123','Jacqueline','2016-12-26 11:12:45',''),(379,NULL,NULL,'shelby@gmail.com',NULL,'123','Shelby','2016-12-26 11:12:45',''),(380,NULL,NULL,'kennedy@gmail.com',NULL,'123','Kennedy','2016-12-26 11:12:45',''),(381,NULL,NULL,'lydia@gmail.com',NULL,'123','Lydia','2016-12-26 11:12:45',''),(382,NULL,NULL,'alondra@gmail.com',NULL,'123','Alondra','2016-12-26 11:12:45',''),(383,NULL,NULL,'adriana@gmail.com',NULL,'123','Adriana','2016-12-26 11:12:45',''),(384,NULL,NULL,'daniela@gmail.com',NULL,'123','Daniela','2016-12-26 11:12:45',''),(385,NULL,NULL,'natalia@gmail.com',NULL,'123','Natalia','2016-12-26 11:12:45',''),(386,NULL,NULL,'breanna@gmail.com',NULL,'123','Breanna','2016-12-26 11:12:45',''),(387,NULL,NULL,'kathryn@gmail.com',NULL,'123','Kathryn','2016-12-26 11:12:45',''),(388,NULL,NULL,'briana@gmail.com',NULL,'123','Briana','2016-12-26 11:12:46',''),(389,NULL,NULL,'ashlyn@gmail.com',NULL,'123','Ashlyn','2016-12-26 11:12:46',''),(390,NULL,NULL,'rylee@gmail.com',NULL,'123','Rylee','2016-12-26 11:12:46',''),(391,NULL,NULL,'eva@gmail.com',NULL,'123','Eva','2016-12-26 11:12:46',''),(392,NULL,NULL,'kendall@gmail.com',NULL,'123','Kendall','2016-12-26 11:12:46',''),(394,NULL,NULL,'ruby@gmail.com',NULL,'123','Ruby','2016-12-26 11:12:46',''),(395,NULL,NULL,'alexandria@gmail.com',NULL,'123','Alexandria','2016-12-26 11:12:46',''),(396,NULL,NULL,'sophie@gmail.com',NULL,'123','Sophie','2016-12-26 11:12:46',''),(397,NULL,NULL,'charlotte@gmail.com',NULL,'123','Charlotte','2016-12-26 11:12:46',''),(398,NULL,NULL,'reagan@gmail.com',NULL,'123','Reagan','2016-12-26 11:12:46',''),(399,NULL,NULL,'valeria@gmail.com',NULL,'123','Valeria','2016-12-26 11:12:46',''),(400,NULL,NULL,'christina@gmail.com',NULL,'123','Christina','2016-12-26 11:12:46',''),(401,NULL,NULL,'summer@gmail.com',NULL,'123','Summer','2016-12-26 11:12:46',''),(402,NULL,NULL,'kate@gmail.com',NULL,'123','Kate','2016-12-26 11:12:46',''),(403,NULL,NULL,'mikayla@gmail.com',NULL,'123','Mikayla','2016-12-26 11:12:46',''),(404,NULL,NULL,'naomi@gmail.com',NULL,'123','Naomi','2016-12-26 11:12:46',''),(405,NULL,NULL,'layla@gmail.com',NULL,'123','Layla','2016-12-26 11:12:46',''),(406,NULL,NULL,'miranda@gmail.com',NULL,'123','Miranda','2016-12-26 11:12:46',''),(407,NULL,NULL,'laura@gmail.com',NULL,'123','Laura','2016-12-26 11:12:46',''),(408,NULL,NULL,'ana@gmail.com',NULL,'123','Ana','2016-12-26 11:12:46',''),(410,NULL,NULL,'alicia@gmail.com',NULL,'123','Alicia','2016-12-26 11:12:46',''),(411,NULL,NULL,'daisy@gmail.com',NULL,'123','Daisy','2016-12-26 11:12:46',''),(412,NULL,NULL,'ciara@gmail.com',NULL,'123','Ciara','2016-12-26 11:12:46',''),(413,NULL,NULL,'margaret@gmail.com',NULL,'123','Margaret','2016-12-26 11:12:46',''),(414,NULL,NULL,'aubrey@gmail.com',NULL,'123','Aubrey','2016-12-26 11:12:46',''),(415,NULL,NULL,'zoey@gmail.com',NULL,'123','Zoey','2016-12-26 11:12:47',''),(416,NULL,NULL,'skylar@gmail.com',NULL,'123','Skylar','2016-12-26 11:12:47',''),(417,NULL,NULL,'genesis@gmail.com',NULL,'123','Genesis','2016-12-26 11:12:47',''),(419,NULL,NULL,'courtney@gmail.com',NULL,'123','Courtney','2016-12-26 11:12:47',''),(420,NULL,NULL,'kylee@gmail.com',NULL,'123','Kylee','2016-12-26 11:12:47',''),(421,NULL,NULL,'kiara@gmail.com',NULL,'123','Kiara','2016-12-26 11:12:47',''),(422,NULL,NULL,'alexia@gmail.com',NULL,'123','Alexia','2016-12-26 11:12:47',''),(423,NULL,NULL,'jillian@gmail.com',NULL,'123','Jillian','2016-12-26 11:12:47',''),(424,NULL,NULL,'lindsey@gmail.com',NULL,'123','Lindsey','2016-12-26 11:12:47',''),(425,NULL,NULL,'mckenzie@gmail.com',NULL,'123','Mckenzie','2016-12-26 11:12:47',''),(426,NULL,NULL,'karen@gmail.com',NULL,'123','Karen','2016-12-26 11:12:47',''),(427,NULL,NULL,'giselle@gmail.com',NULL,'123','Giselle','2016-12-26 11:12:47',''),(428,NULL,NULL,'mariana@gmail.com',NULL,'123','Mariana','2016-12-26 11:12:47',''),(429,NULL,NULL,'valerie@gmail.com',NULL,'123','Valerie','2016-12-26 11:12:47',''),(430,NULL,NULL,'sabrina@gmail.com',NULL,'123','Sabrina','2016-12-26 11:12:47',''),(431,NULL,NULL,'alana@gmail.com',NULL,'123','Alana','2016-12-26 11:12:47',''),(432,NULL,NULL,'serenity@gmail.com',NULL,'123','Serenity','2016-12-26 11:12:47',''),(433,NULL,NULL,'kelsey@gmail.com',NULL,'123','Kelsey','2016-12-26 11:12:47',''),(434,NULL,NULL,'cheyenne@gmail.com',NULL,'123','Cheyenne','2016-12-26 11:12:47',''),(435,NULL,NULL,'juliana@gmail.com',NULL,'123','Juliana','2016-12-26 11:12:47',''),(436,NULL,NULL,'lucy@gmail.com',NULL,'123','Lucy','2016-12-26 11:12:47',''),(437,NULL,NULL,'kelly@gmail.com',NULL,'123','Kelly','2016-12-26 11:12:47',''),(438,NULL,NULL,'sadie@gmail.com',NULL,'123','Sadie','2016-12-26 11:12:47',''),(439,NULL,NULL,'bianca@gmail.com',NULL,'123','Bianca','2016-12-26 11:12:47',''),(440,NULL,NULL,'kyra@gmail.com',NULL,'123','Kyra','2016-12-26 11:12:47',''),(441,NULL,NULL,'nadia@gmail.com',NULL,'123','Nadia','2016-12-26 11:12:47',''),(442,NULL,NULL,'lilly@gmail.com',NULL,'123','Lilly','2016-12-26 11:12:47',''),(443,NULL,NULL,'caitlyn@gmail.com',NULL,'123','Caitlyn','2016-12-26 11:12:47',''),(444,NULL,NULL,'jasmin@gmail.com',NULL,'123','Jasmin','2016-12-26 11:12:47',''),(445,NULL,NULL,'ellie@gmail.com',NULL,'123','Ellie','2016-12-26 11:12:48',''),(446,NULL,NULL,'hope@gmail.com',NULL,'123','Hope','2016-12-26 11:12:48',''),(447,NULL,NULL,'cassandra@gmail.com',NULL,'123','Cassandra','2016-12-26 11:12:48',''),(448,NULL,NULL,'jazmin@gmail.com',NULL,'123','Jazmin','2016-12-26 11:12:48',''),(449,NULL,NULL,'crystal@gmail.com',NULL,'123','Crystal','2016-12-26 11:12:48',''),(450,NULL,NULL,'jordyn@gmail.com',NULL,'123','Jordyn','2016-12-26 11:12:48',''),(451,NULL,NULL,'cassidy@gmail.com',NULL,'123','Cassidy','2016-12-26 11:12:48',''),(452,NULL,NULL,'delaney@gmail.com',NULL,'123','Delaney','2016-12-26 11:12:48',''),(453,NULL,NULL,'liliana@gmail.com',NULL,'123','Liliana','2016-12-26 11:12:48',''),(454,NULL,NULL,'angelica@gmail.com',NULL,'123','Angelica','2016-12-26 11:12:48',''),(455,NULL,NULL,'caitlin@gmail.com',NULL,'123','Caitlin','2016-12-26 11:12:48',''),(456,NULL,NULL,'kyla@gmail.com',NULL,'123','Kyla','2016-12-26 11:12:48',''),(457,NULL,NULL,'jayla@gmail.com',NULL,'123','Jayla','2016-12-26 11:12:48',''),(458,NULL,NULL,'adrianna@gmail.com',NULL,'123','Adrianna','2016-12-26 11:12:48',''),(459,NULL,NULL,'tiffany@gmail.com',NULL,'123','Tiffany','2016-12-26 11:12:48',''),(460,NULL,NULL,'abby@gmail.com',NULL,'123','Abby','2016-12-26 11:12:48',''),(461,NULL,NULL,'carly@gmail.com',NULL,'123','Carly','2016-12-26 11:12:48',''),(462,NULL,NULL,'chelsea@gmail.com',NULL,'123','Chelsea','2016-12-26 11:12:48',''),(463,NULL,NULL,'camila@gmail.com',NULL,'123','Camila','2016-12-26 11:12:48',''),(464,NULL,NULL,'erica@gmail.com',NULL,'123','Erica','2016-12-26 11:12:48',''),(465,NULL,NULL,'makenzie@gmail.com',NULL,'123','Makenzie','2016-12-26 11:12:48',''),(466,NULL,NULL,'karla@gmail.com',NULL,'123','Karla','2016-12-26 11:12:48',''),(467,NULL,NULL,'cadence@gmail.com',NULL,'123','Cadence','2016-12-26 11:12:48',''),(468,NULL,NULL,'paris@gmail.com',NULL,'123','Paris','2016-12-26 11:12:48',''),(469,NULL,NULL,'veronica@gmail.com',NULL,'123','Veronica','2016-12-26 11:12:48',''),(470,NULL,NULL,'mckenna@gmail.com',NULL,'123','Mckenna','2016-12-26 11:12:48',''),(471,NULL,NULL,'brenda@gmail.com',NULL,'123','Brenda','2016-12-26 11:12:48',''),(472,NULL,NULL,'bella@gmail.com',NULL,'123','Bella','2016-12-26 11:12:48',''),(473,NULL,NULL,'maggie@gmail.com',NULL,'123','Maggie','2016-12-26 11:12:48',''),(474,NULL,NULL,'karina@gmail.com',NULL,'123','Karina','2016-12-26 11:12:48',''),(475,NULL,NULL,'esmeralda@gmail.com',NULL,'123','Esmeralda','2016-12-26 11:12:48',''),(476,NULL,NULL,'erika@gmail.com',NULL,'123','Erika','2016-12-26 11:12:48',''),(477,NULL,NULL,'makenna@gmail.com',NULL,'123','Makenna','2016-12-26 11:12:48',''),(478,NULL,NULL,'julianna@gmail.com',NULL,'123','Julianna','2016-12-26 11:12:48',''),(479,NULL,NULL,'elena@gmail.com',NULL,'123','Elena','2016-12-26 11:12:48',''),(480,NULL,NULL,'mallory@gmail.com',NULL,'123','Mallory','2016-12-26 11:12:48',''),(481,NULL,NULL,'jamie@gmail.com',NULL,'123','Jamie','2016-12-26 11:12:48',''),(482,NULL,NULL,'alejandra@gmail.com',NULL,'123','Alejandra','2016-12-26 11:12:48',''),(483,NULL,NULL,'cynthia@gmail.com',NULL,'123','Cynthia','2016-12-26 11:12:48',''),(484,NULL,NULL,'ariel@gmail.com',NULL,'123','Ariel','2016-12-26 11:12:48',''),(485,NULL,NULL,'vivian@gmail.com',NULL,'123','Vivian','2016-12-26 11:12:48',''),(487,NULL,NULL,'amaya@gmail.com',NULL,'123','Amaya','2016-12-26 11:12:48',''),(489,NULL,NULL,'elise@gmail.com',NULL,'123','Elise','2016-12-26 11:12:49',''),(490,NULL,NULL,'haylee@gmail.com',NULL,'123','Haylee','2016-12-26 11:12:49',''),(491,NULL,NULL,'josephine@gmail.com',NULL,'123','Josephine','2016-12-26 11:12:49',''),(492,NULL,NULL,'aniyah@gmail.com',NULL,'123','Aniyah','2016-12-26 11:12:49',''),(493,NULL,NULL,'bethany@gmail.com',NULL,'123','Bethany','2016-12-26 11:12:49',''),(494,NULL,NULL,'keira@gmail.com',NULL,'123','Keira','2016-12-26 11:12:49',''),(495,NULL,NULL,'aliyah@gmail.com',NULL,'123','Aliyah','2016-12-26 11:12:49',''),(496,NULL,NULL,'laila@gmail.com',NULL,'123','Laila','2016-12-26 11:12:49',''),(497,NULL,NULL,'camryn@gmail.com',NULL,'123','Camryn','2016-12-26 11:12:49',''),(498,NULL,NULL,'fatima@gmail.com',NULL,'123','Fatima','2016-12-26 11:12:49',''),(499,NULL,NULL,'reese@gmail.com',NULL,'123','Reese','2016-12-26 11:12:49',''),(500,NULL,NULL,'annabelle@gmail.com',NULL,'123','Annabelle','2016-12-26 11:12:49',''),(501,NULL,NULL,'monica@gmail.com',NULL,'123','Monica','2016-12-26 11:12:49',''),(502,NULL,NULL,'lindsay@gmail.com',NULL,'123','Lindsay','2016-12-26 11:12:49',''),(503,NULL,NULL,'kira@gmail.com',NULL,'123','Kira','2016-12-26 11:12:49',''),(504,NULL,NULL,'selena@gmail.com',NULL,'123','Selena','2016-12-26 11:12:49',''),(505,NULL,NULL,'macy@gmail.com',NULL,'123','Macy','2016-12-26 11:12:49',''),(506,NULL,NULL,'hanna@gmail.com',NULL,'123','Hanna','2016-12-26 11:12:49',''),(507,NULL,NULL,'heaven@gmail.com',NULL,'123','Heaven','2016-12-26 11:12:49',''),(508,NULL,NULL,'clara@gmail.com',NULL,'123','Clara','2016-12-26 11:12:49',''),(509,NULL,NULL,'katrina@gmail.com',NULL,'123','Katrina','2016-12-26 11:12:49',''),(510,NULL,NULL,'jazmine@gmail.com',NULL,'123','Jazmine','2016-12-26 11:12:49',''),(511,NULL,NULL,'jadyn@gmail.com',NULL,'123','Jadyn','2016-12-26 11:12:49',''),(512,NULL,NULL,'stella@gmail.com',NULL,'123','Stella','2016-12-26 11:12:49',''),(514,'Vitaly','Dumma','deanw@mail.ru','https://drive.google.com/file/d/0ByomR5LmYOJqbzQxWThsTXZ5dXc/view','$2a$10$X/Y.bzx/evzYPzGVWvom9OyDYpF3UnBlu9F0LnQRUDTQPXKWPF2wG','DeanW','2017-01-05 09:40:30',''),(516,NULL,NULL,'vetzloy@gmail.com',NULL,'$2a$10$WWdiay0GzFpGbdNVvsRQVuQse9ZapPyJHKiUZGiy63weOMmOPDIoa','VetZloy','2017-01-06 17:54:51',''),(519,NULL,NULL,'vetalzloy@i.ua',NULL,'$2a$10$pV41B.iAhpzzX/GwxkLtn.3r0e.UOHw9mPrCz4X5oIeUd9Y2n0aLu','VetUA','2017-01-20 17:56:34',''),(524,NULL,NULL,'kofaujwe@yomail.info',NULL,'$2a$10$Ou2lPeLfLyDzzBYfkT/wgecLFUIpTqDw4FStpZOHWoE6sLvIhCVwi','Test123','2017-03-15 15:37:40',''),(525,NULL,NULL,'kofaujwe.ololo@yomail.info',NULL,'$2a$10$Qwui9sBzddNBRWc0s9CDp.g22OqhUKU/.q/9ZMsjwMCCSh9cchcke','Test321','2017-03-15 15:41:07',''),(526,NULL,NULL,'kofaujwe.1@yomail.info',NULL,'$2a$10$H0L1fGVBEZMjHmM1Je9Wcup/v.MaOy1g9VBWRo5tautA97UQtVguO','TestTest','2017-03-15 15:52:24',''),(527,NULL,NULL,'kofaujwe.2@yomail.info',NULL,'$2a$10$Cy1dxrynx4KwNMoHnMxyauSoWBort22vzLAWZNMCsErK3BynraTQy','Testo','2017-03-15 15:59:46',''),(529,'sadasdsa','asdasda','leafxbec@yomail.info',NULL,'$2a$10$6jwTMYahENhj/DPoFP8soOvMIA.SgB5nooOhrwNpgCaI0YrSNjwZC','PrivateEmailTest','2017-04-03 21:40:42',''),(530,NULL,NULL,'movbyyecpsbh@dropmail.me',NULL,'$2a$10$xygH9sCDrdAzJNQlHP69P.cbbuNHSgJjKlqvGcg6/38XDdefzDXMS','TestNewMessage','2017-04-05 20:36:28',''),(531,NULL,NULL,'mqdkbcab@10mail.org',NULL,'$2a$10$wXdBB2.aQM9LwdKDZpz6hOXmV5xwQuVRAMyYyrBHzgBkkxP5PlLkG','WhatsUp','2017-04-05 20:40:57',''),(532,NULL,NULL,'motnawonmees@dropmail.me',NULL,'$2a$10$eLMXRu3EB0X2p6HOgqIKpe1VpHc0FgD/VuT5ecvY13KAja7qdM0C6','MyGod','2017-04-05 20:54:37',''),(534,NULL,NULL,'mrsacidv@10mail.org',NULL,'$2a$10$TzJfoPmBzF5VCQ9kmJX1YuLOkHZEkQ8d/KVBKLISAC6nB5fOJD32K','VerificationTest','2017-04-07 19:08:25',''),(535,NULL,NULL,'lgkbblxd@yomail.info',NULL,'$2a$10$a5jbJLV/dda4KPJ8iWLj5eT8QYIMk9MdKiAU4n0uB.6LB8sSSf1LK','RRRRR','2017-04-07 19:57:03',''),(536,NULL,NULL,'tzqdmqpbb@emltmp.com','https://drive.google.com/file/d/0ByomR5LmYOJqMlJDNjYyZkxCRW8/view?usp=sharing','$2a$10$yq3hfdzssjJn.1rEciYFwuv3Nfm3GvoxQ0gpbWVyBXdIfjM.ceRjS','DeployTest','2017-04-17 12:51:33',''),(537,NULL,NULL,'qpliydgcb@emltmp.com',NULL,'$2a$10$MaQxiZFzBJMkly5RjZ/4qemOxRnueOsxY33wJ/4f/WJ2AaUUY3hX6','MailTest','2017-04-30 06:28:01',''),(539,NULL,NULL,'nvocakfd@10mail.org',NULL,'$2a$10$aDVBDhmPJdjRJhaeIBVk3OOcAyDOKtPNA70ZlfdXvv9GrSpm.au7O','BossTest','2017-05-01 16:50:06',''),(542,NULL,NULL,'yofdpqjcb@emltmp.com',NULL,'$2a$10$ezgYxsdGRePy4pMD7WHjau.a/Acp.81srDGuLnslHDTPQ71VLaXBC','RedirectTest','2017-05-02 10:06:15',''),(543,NULL,NULL,'derxkfjcb@emltmp.com',NULL,'$2a$10$8hKOsYq4rq47pp/5KAEXmOtwwJ.z8O8hq444awszU4VaGAr2Od7RO','OneMoreTest','2017-05-02 10:07:14',''),(544,NULL,NULL,'ntyvpcjibcei@dropmail.me',NULL,'$2a$10$t5D7.Ampq30CIcyJ8d0FSu9WGuslQkoknoBKORa2stfwy2zXIwXVG','Perpetrator','2017-05-02 10:10:03',''),(545,NULL,NULL,'ntojdpsteaac@dropmail.me',NULL,'$2a$10$URhFcFAbwjsoUvlr6hghHugJNm/OU7gqpuIEMOeEmpMXFEbcI927e','Homicide','2017-05-02 10:11:01',''),(546,NULL,NULL,'ecqwrjjcb@emltmp.com',NULL,'$2a$10$aGvBhE0CaEmfFovkoHfib.VoyaXHC1cvEFiZSmKTYPKCnM9CwWZLq','Juvenile','2017-05-02 10:12:42',''),(547,NULL,NULL,'nwgqkvnh@10mail.org',NULL,'$2a$10$UMtEUArBh6z9li/3rtv1b.9ubOHSgFKolxyBCnJU36GAKxDxE3qV.','HateFull','2017-05-02 10:14:12',''),(548,NULL,NULL,'nwjjobyj@10mail.org',NULL,'$2a$10$vBtMT1Q074A9.7MP47I7reRCsqvoXU0ZnoROkB2NG4twWWk07k/di','Please','2017-05-02 10:17:29',''),(549,NULL,NULL,'mkzysjoz@yomail.info',NULL,'$2a$10$WBf7KYOVxN5oLNJ72oSzp.Alw/ukr2EASHMOJmgaOoG0QvuJANoTS','Enought','2017-05-02 10:20:07',''),(550,NULL,NULL,'nwjnyhhi@10mail.org',NULL,'$2a$10$MWh/dkV8Yak19KWRUct6k.VogS2lL53wbhFlnx71PWvLEgvzHpgi6','CssTest','2017-05-02 10:26:37',''),(551,NULL,NULL,'mkzonqaq@yomail.info',NULL,'$2a$10$VpwRYzKQU6vEMRbctcDs3O6Aa7ZfOu4MAjLF2zptbbXP.8v79MPjm','WillBeNice','2017-05-02 10:28:26',''),(552,NULL,NULL,'jsdtekjcb@emltmp.com',NULL,'$2a$10$uL5cSEY7JxEzsEDsJTcojOhlnCBGaTM1XoiKqLJcMTs5GzUQjjiTm','Private','2017-05-02 10:32:33',''),(553,NULL,NULL,'oasdugvtvafd@dropmail.me',NULL,'$2a$10$w/3UAm15vhVSkqeeuQ40ZeFnddW6/kZhS1Oao0wRzPA3Ft64arR1u','BootTest','2017-06-11 12:07:17',''),(554,NULL,NULL,'odadgups@10mail.org',NULL,'$2a$10$v/QB09HPNnS9P51GVtRoAuW4ygFDNQLk2FLNhWCLON4l0o.WbG.vu','BootTest2','2017-06-11 12:09:06','');
/*!40000 ALTER TABLE `user` ENABLE KEYS */;
UNLOCK TABLES;

--
-- Table structure for table `users_tags`
--

DROP TABLE IF EXISTS `users_tags`;
/*!40101 SET @saved_cs_client     = @@character_set_client */;
/*!40101 SET character_set_client = utf8 */;
CREATE TABLE `users_tags` (
  `tag_id` int(11) NOT NULL,
  `user_id` bigint(20) NOT NULL,
  PRIMARY KEY (`tag_id`,`user_id`),
  KEY `user_id` (`user_id`),
  CONSTRAINT `FKcs0i44my81r5qe6vwwcvgul2p` FOREIGN KEY (`user_id`) REFERENCES `user` (`user_id`),
  CONSTRAINT `FKsjik02dbi5hc5lill6rd1fitr` FOREIGN KEY (`tag_id`) REFERENCES `tag` (`tag_id`),
  CONSTRAINT `users_tags_ibfk_1` FOREIGN KEY (`tag_id`) REFERENCES `tag` (`tag_id`),
  CONSTRAINT `users_tags_ibfk_2` FOREIGN KEY (`user_id`) REFERENCES `user` (`user_id`)
) ENGINE=InnoDB DEFAULT CHARSET=utf8;
/*!40101 SET character_set_client = @saved_cs_client */;

--
-- Dumping data for table `users_tags`
--

LOCK TABLES `users_tags` WRITE;
/*!40000 ALTER TABLE `users_tags` DISABLE KEYS */;
INSERT INTO `users_tags` VALUES (1,1),(2,1),(3,1),(4,1),(5,1),(6,1),(1,2),(2,2),(3,2),(4,2),(1,3),(2,3),(3,3),(4,3),(5,3),(6,3),(15,4),(22,4),(28,4),(6,5),(7,5),(21,5),(23,5),(29,5),(31,5),(3,7),(5,7),(11,7),(12,7),(18,7),(43,7),(54,7),(55,7),(59,7),(7,8),(9,8),(10,8),(15,8),(24,8),(36,8),(40,8),(39,9),(1,10),(20,10),(22,10),(25,10),(33,10),(38,10),(4,11),(14,11),(20,11),(22,12),(5,13),(6,13),(11,13),(12,13),(20,13),(23,13),(24,13),(29,13),(30,13),(22,14),(14,15),(24,15),(3,16),(12,16),(16,16),(31,16),(32,16),(38,16),(9,17),(11,17),(24,17),(28,17),(3,18),(18,18),(21,18),(38,18),(20,19),(26,19),(31,19),(33,19),(40,19),(10,20),(38,20),(40,20),(36,21),(40,21),(23,22),(39,22),(13,23),(21,23),(26,23),(28,23),(29,23),(31,23),(42,23),(7,24),(25,24),(29,24),(34,24),(36,24),(10,25),(28,25),(2,26),(5,26),(4,27),(8,27),(9,27),(33,27),(38,27),(4,28),(22,28),(1,29),(26,29),(27,29),(31,29),(41,30),(2,31),(23,31),(33,31),(1,32),(5,32),(11,32),(14,32),(29,32),(30,32),(35,32),(39,32),(10,33),(21,33),(10,34),(18,34),(33,34),(4,35),(5,35),(21,35),(1,36),(6,36),(20,36),(26,36),(34,36),(42,36),(21,37),(28,37),(40,37),(41,37),(2,38),(3,38),(7,38),(20,38),(28,38),(12,39),(13,39),(16,39),(18,39),(19,39),(21,39),(23,39),(24,39),(42,39),(5,40),(14,40),(21,40),(29,41),(31,41),(3,42),(12,42),(37,42),(39,42),(3,43),(4,43),(27,43),(28,43),(34,43),(15,44),(24,44),(2,45),(14,45),(16,45),(26,45),(29,45),(30,45),(32,45),(39,45),(7,46),(20,46),(27,46),(3,47),(12,47),(18,47),(30,47),(34,47),(36,47),(13,48),(15,48),(28,48),(30,48),(19,49),(21,49),(2,52),(7,52),(9,52),(19,52),(31,52),(37,52),(11,53),(19,53),(24,53),(34,53),(42,53),(3,54),(5,54),(32,54),(40,54),(3,55),(7,55),(19,55),(21,55),(36,55),(4,56),(5,56),(10,56),(27,56),(35,56),(37,56),(39,56),(6,57),(14,57),(18,57),(30,57),(4,58),(29,58),(1,59),(7,59),(10,59),(11,59),(31,59),(7,60),(16,60),(25,60),(34,60),(5,61),(12,61),(15,61),(20,61),(22,61),(24,61),(26,61),(30,61),(6,62),(20,62),(21,62),(24,62),(26,62),(32,62),(36,62),(8,63),(13,64),(14,64),(17,64),(33,64),(36,65),(3,66),(8,66),(10,66),(15,66),(30,66),(41,66),(42,66),(4,67),(12,67),(40,67),(17,68),(25,68),(17,69),(22,70),(9,72),(13,72),(17,72),(22,72),(40,72),(18,73),(42,73),(21,74),(24,74),(40,74),(4,75),(5,75),(16,75),(3,76),(7,76),(12,76),(27,76),(29,76),(32,76),(38,76),(41,76),(8,77),(30,77),(34,77),(2,78),(17,78),(18,78),(27,78),(28,78),(37,78),(39,78),(40,78),(7,79),(10,79),(12,79),(32,79),(33,79),(41,79),(18,80),(24,80),(28,80),(32,80),(6,82),(30,82),(10,83),(15,83),(26,83),(27,83),(28,83),(35,83),(41,83),(35,84),(14,85),(24,86),(25,86),(30,86),(33,86),(34,86),(41,86),(9,87),(11,87),(14,87),(15,87),(17,87),(30,87),(31,87),(34,87),(36,87),(38,87),(10,88),(12,88),(15,88),(20,88),(39,88),(6,89),(19,89),(24,89),(30,89),(3,91),(16,91),(38,91),(12,92),(34,92),(38,92),(3,93),(7,93),(13,93),(18,93),(32,93),(42,93),(21,94),(22,95),(24,95),(3,96),(22,96),(3,97),(11,97),(15,97),(18,97),(24,97),(34,97),(36,97),(40,97),(34,98),(37,98),(4,99),(22,99),(31,99),(37,99),(6,100),(29,100),(4,101),(12,101),(24,101),(39,101),(42,101),(7,102),(10,102),(14,104),(19,104),(2,105),(12,106),(22,106),(31,106),(39,106),(10,107),(22,107),(34,107),(36,107),(38,107),(39,107),(10,108),(36,109),(2,110),(9,110),(24,110),(25,110),(26,110),(34,110),(16,112),(24,112),(41,112),(7,113),(10,113),(15,113),(17,113),(25,113),(28,113),(34,113),(32,114),(1,115),(4,115),(20,115),(31,115),(32,115),(34,115),(21,116),(29,116),(34,116),(39,116),(42,116),(3,117),(6,117),(39,117),(6,118),(32,118),(7,119),(8,119),(10,119),(11,119),(12,119),(31,119),(14,120),(37,120),(20,121),(21,122),(23,122),(28,123),(28,124),(34,124),(28,125),(31,125),(11,126),(3,127),(15,127),(23,127),(33,127),(2,128),(8,128),(19,128),(31,128),(33,128),(38,128),(39,128),(5,129),(17,129),(18,129),(32,129),(7,130),(16,130),(32,130),(36,130),(8,131),(31,131),(42,131),(6,133),(15,133),(16,133),(8,134),(38,134),(18,136),(26,136),(38,136),(9,137),(12,137),(33,137),(5,138),(9,138),(12,138),(22,138),(25,138),(29,138),(32,138),(34,138),(4,139),(23,139),(24,139),(33,139),(34,139),(36,139),(42,139),(1,140),(11,140),(24,140),(37,140),(42,140),(9,141),(24,141),(38,141),(15,142),(31,142),(18,143),(28,143),(34,143),(28,144),(42,144),(1,145),(3,145),(7,145),(19,145),(28,145),(15,146),(36,146),(38,146),(40,146),(7,147),(10,147),(26,147),(35,147),(39,147),(11,148),(17,148),(22,148),(24,148),(28,148),(31,148),(33,148),(1,149),(3,149),(5,149),(17,149),(22,149),(27,149),(29,149),(28,150),(2,151),(4,151),(17,151),(19,151),(35,151),(41,151),(14,152),(15,152),(21,152),(29,152),(35,152),(8,153),(17,153),(19,153),(35,154),(5,155),(11,155),(15,155),(16,155),(8,156),(10,156),(20,156),(27,156),(33,156),(18,157),(41,157),(9,158),(25,158),(1,159),(5,159),(7,159),(19,159),(20,161),(2,162),(3,162),(19,162),(29,162),(30,162),(38,162),(15,163),(27,163),(31,163),(38,163),(4,164),(6,164),(10,164),(19,164),(20,164),(32,164),(38,164),(7,165),(13,165),(22,165),(24,165),(33,165),(36,165),(2,166),(3,166),(28,166),(33,166),(34,166),(40,166),(1,167),(3,167),(24,167),(30,167),(41,167),(2,168),(3,168),(11,168),(16,168),(30,168),(5,169),(6,169),(14,169),(23,169),(25,169),(7,170),(23,170),(29,170),(38,170),(33,171),(39,171),(18,172),(11,173),(12,173),(20,173),(33,173),(38,173),(2,174),(3,174),(14,174),(19,174),(39,174),(12,175),(21,175),(25,175),(35,175),(36,175),(37,175),(2,176),(3,176),(8,176),(11,176),(39,176),(27,177),(29,177),(35,177),(10,179),(13,179),(40,179),(6,180),(17,180),(21,180),(22,180),(27,180),(40,180),(4,181),(18,181),(22,181),(26,181),(38,181),(4,182),(10,182),(24,182),(31,182),(32,182),(36,182),(41,182),(20,183),(24,183),(32,183),(35,183),(36,183),(5,184),(7,184),(10,184),(17,184),(18,184),(23,184),(28,184),(32,184),(15,185),(22,185),(25,185),(26,185),(41,185),(1,186),(6,186),(11,186),(14,186),(18,186),(26,186),(35,186),(42,186),(1,187),(22,187),(28,187),(31,187),(32,187),(1,188),(12,188),(16,188),(22,188),(35,188),(2,189),(9,189),(14,189),(39,189),(6,190),(12,190),(13,190),(14,190),(22,190),(31,190),(39,190),(13,191),(23,191),(27,191),(29,191),(35,191),(36,191),(21,192),(24,192),(34,192),(38,192),(30,193),(38,194),(15,195),(17,195),(32,195),(34,195),(40,195),(5,196),(12,196),(15,196),(24,196),(1,197),(8,197),(10,197),(13,197),(23,197),(41,197),(4,198),(8,198),(20,198),(36,198),(11,199),(20,199),(21,199),(26,199),(27,199),(10,200),(20,200),(25,200),(27,200),(35,200),(10,201),(16,201),(18,201),(38,202),(7,203),(20,203),(37,203),(9,204),(15,205),(20,205),(31,205),(41,205),(6,206),(13,206),(14,206),(1,207),(15,207),(25,207),(38,207),(2,208),(6,208),(14,208),(23,208),(32,208),(35,208),(38,208),(42,208),(4,209),(7,209),(15,209),(33,209),(35,209),(20,210),(26,210),(35,210),(37,210),(24,211),(30,211),(15,212),(42,212),(4,213),(5,213),(31,213),(38,213),(2,214),(5,214),(10,214),(22,214),(25,214),(38,214),(2,215),(11,215),(13,215),(16,215),(21,215),(42,215),(5,216),(15,216),(19,216),(28,216),(30,216),(25,217),(40,217),(5,218),(13,218),(19,218),(22,218),(38,218),(42,218),(26,219),(37,219),(1,220),(38,220),(40,220),(42,220),(1,221),(17,221),(26,221),(31,221),(39,221),(29,222),(3,223),(23,223),(27,223),(37,223),(6,224),(21,224),(24,224),(34,224),(35,224),(38,224),(4,226),(29,226),(35,226),(40,226),(9,227),(10,227),(12,227),(17,227),(20,227),(26,227),(28,227),(30,227),(32,227),(41,227),(1,229),(11,229),(22,229),(27,229),(28,229),(30,229),(9,230),(16,230),(28,230),(33,230),(1,231),(4,231),(5,231),(42,232),(17,233),(25,233),(37,233),(39,233),(42,233),(3,234),(19,234),(21,234),(2,235),(11,235),(22,235),(41,235),(19,236),(33,236),(23,237),(37,237),(2,238),(3,238),(11,238),(15,238),(20,238),(21,238),(30,238),(7,239),(42,239),(6,240),(19,240),(27,240),(33,240),(40,240),(4,241),(7,241),(9,241),(14,241),(40,241),(16,242),(3,243),(5,243),(15,243),(16,243),(19,243),(21,243),(28,243),(36,243),(40,243),(7,244),(14,244),(24,244),(36,244),(1,245),(4,245),(6,245),(19,245),(33,245),(38,245),(42,245),(1,246),(2,246),(6,246),(6,247),(21,247),(3,248),(7,248),(11,248),(22,248),(23,248),(35,248),(11,249),(24,249),(19,250),(22,250),(40,251),(1,252),(4,252),(5,252),(9,252),(11,252),(23,252),(25,252),(33,252),(40,252),(11,253),(12,253),(17,253),(29,253),(30,253),(10,254),(13,254),(16,254),(17,254),(31,254),(42,254),(7,255),(10,255),(14,256),(18,256),(22,257),(34,258),(28,259),(6,260),(7,260),(21,260),(27,260),(39,261),(31,262),(3,263),(18,263),(26,263),(10,264),(11,264),(28,264),(37,264),(5,265),(6,265),(16,265),(30,265),(31,265),(36,265),(3,266),(11,266),(13,266),(14,266),(39,266),(15,267),(23,267),(27,267),(33,267),(35,267),(42,267),(13,268),(15,268),(18,268),(34,268),(36,268),(41,268),(3,269),(10,269),(11,269),(12,269),(26,269),(6,270),(14,270),(20,270),(24,270),(27,270),(30,270),(34,270),(36,270),(39,270),(4,271),(6,271),(15,271),(16,271),(18,271),(30,271),(11,272),(18,272),(34,272),(12,273),(36,273),(39,273),(12,274),(29,274),(34,275),(4,276),(31,276),(1,277),(5,277),(13,277),(16,277),(21,277),(26,277),(31,277),(32,277),(35,277),(40,277),(19,279),(22,279),(25,279),(3,280),(9,280),(28,280),(2,281),(4,281),(12,281),(20,281),(25,281),(32,281),(36,281),(41,281),(4,282),(18,282),(20,282),(29,282),(2,283),(4,283),(5,283),(6,283),(20,283),(30,283),(33,283),(38,283),(39,283),(13,284),(15,284),(19,284),(20,284),(31,284),(38,284),(41,284),(4,285),(15,285),(17,285),(29,285),(34,285),(12,286),(27,286),(30,286),(3,287),(14,287),(22,287),(32,287),(20,288),(25,288),(37,288),(41,288),(7,290),(16,290),(17,290),(30,290),(38,290),(8,291),(16,291),(2,292),(28,292),(22,293),(6,294),(10,294),(23,294),(25,294),(27,294),(28,294),(34,294),(9,295),(15,295),(23,295),(28,295),(31,295),(37,295),(41,295),(18,296),(28,296),(32,296),(36,296),(4,297),(23,297),(25,297),(30,297),(37,297),(41,297),(1,298),(10,298),(13,298),(17,298),(19,298),(30,298),(32,298),(42,298),(9,299),(10,299),(21,299),(23,299),(24,299),(36,299),(38,299),(40,299),(36,300),(5,301),(15,301),(22,301),(23,301),(26,301),(33,301),(36,301),(37,301),(6,302),(36,302),(37,302),(2,303),(3,303),(6,303),(7,303),(8,303),(38,303),(41,303),(10,304),(19,304),(27,304),(34,304),(5,305),(16,305),(35,305),(36,305),(8,306),(10,306),(19,306),(26,306),(36,306),(4,307),(16,308),(22,308),(40,308),(1,309),(13,309),(26,309),(28,309),(38,309),(2,310),(8,310),(11,310),(32,310),(37,310),(41,310),(7,311),(11,311),(16,311),(3,312),(10,312),(16,312),(20,312),(24,312),(28,313),(41,313),(12,314),(24,314),(28,314),(42,314),(9,315),(13,315),(22,315),(26,315),(10,316),(9,318),(12,318),(28,318),(41,318),(4,319),(5,319),(9,319),(11,319),(22,319),(25,319),(31,319),(36,319),(6,320),(17,320),(16,322),(32,322),(13,323),(22,323),(24,323),(32,323),(33,323),(1,324),(20,324),(25,324),(28,324),(32,324),(36,324),(1,325),(19,325),(40,325),(3,326),(9,326),(15,326),(31,326),(34,326),(3,327),(14,327),(21,327),(27,327),(39,327),(13,328),(26,328),(32,328),(38,328),(9,329),(19,329),(29,329),(35,329),(37,329),(8,331),(10,331),(14,331),(15,331),(34,331),(7,332),(12,332),(13,332),(17,332),(30,332),(31,332),(34,332),(5,333),(9,333),(13,333),(32,333),(37,333),(28,334),(35,334),(36,334),(4,335),(8,335),(24,335),(8,336),(26,336),(32,336),(12,337),(42,337),(7,338),(15,338),(27,338),(28,338),(32,338),(2,339),(17,339),(29,339),(37,339),(2,340),(16,340),(10,341),(16,341),(18,341),(30,341),(35,341),(9,342),(10,342),(15,342),(18,342),(26,342),(33,342),(3,343),(9,343),(14,343),(36,343),(7,344),(26,344),(7,345),(8,345),(7,346),(16,346),(18,346),(35,346),(37,346),(41,346),(5,347),(22,349),(23,349),(40,349),(15,350),(19,350),(30,350),(42,350),(1,351),(3,351),(11,351),(15,351),(23,351),(25,351),(26,351),(35,351),(6,352),(18,352),(24,352),(26,352),(27,352),(30,352),(35,352),(22,353),(41,353),(12,354),(17,354),(19,354),(2,355),(9,355),(41,355),(2,356),(27,356),(14,357),(19,357),(26,357),(32,357),(39,357),(4,358),(1,359),(17,359),(19,359),(19,360),(17,361),(39,361),(41,361),(32,362),(42,362),(5,363),(6,363),(8,363),(11,363),(17,363),(21,363),(31,363),(33,363),(5,364),(9,364),(12,364),(14,364),(32,364),(37,364),(38,364),(40,364),(3,365),(6,365),(7,365),(29,365),(41,365),(7,367),(9,367),(15,367),(29,367),(31,367),(41,367),(24,368),(32,368),(18,369),(3,370),(23,370),(27,370),(29,370),(30,370),(39,370),(5,371),(14,371),(16,371),(22,371),(26,371),(30,371),(36,371),(37,371),(17,372),(24,372),(25,372),(13,374),(24,375),(42,375),(7,376),(17,376),(29,376),(18,377),(21,377),(31,377),(1,378),(7,378),(14,378),(17,378),(22,378),(34,378),(32,379),(33,379),(40,379),(9,380),(10,380),(12,380),(16,380),(34,380),(41,380),(11,381),(19,381),(2,382),(3,382),(11,382),(12,382),(23,382),(27,382),(5,383),(11,383),(27,383),(28,383),(30,383),(38,383),(13,384),(37,384),(39,384),(42,384),(6,385),(16,385),(8,386),(13,386),(31,386),(32,386),(42,386),(25,388),(34,388),(40,388),(7,389),(16,389),(21,389),(32,389),(23,390),(25,391),(1,392),(38,392),(5,394),(19,394),(22,394),(29,394),(41,394),(7,395),(12,395),(10,396),(22,396),(25,396),(27,396),(35,396),(41,396),(16,397),(23,397),(34,397),(4,398),(6,398),(9,398),(13,398),(20,398),(36,398),(39,398),(40,398),(2,399),(15,399),(1,400),(13,400),(19,400),(33,400),(1,401),(28,401),(32,401),(20,402),(19,403),(21,403),(24,403),(31,403),(39,403),(22,404),(26,404),(13,405),(25,405),(19,406),(21,406),(24,406),(26,406),(33,406),(42,406),(14,407),(16,407),(22,407),(28,407),(38,407),(7,408),(15,408),(20,408),(24,408),(33,408),(34,408),(4,410),(9,410),(12,410),(21,410),(22,410),(23,410),(32,410),(41,410),(1,411),(6,411),(9,411),(10,411),(32,411),(42,411),(12,412),(26,412),(27,412),(30,412),(31,412),(35,412),(39,412),(42,412),(14,413),(1,414),(12,414),(13,414),(21,414),(22,414),(27,414),(40,414),(7,415),(7,416),(9,416),(35,416),(4,419),(13,420),(21,420),(24,420),(25,420),(39,420),(42,420),(3,421),(8,421),(38,421),(6,422),(10,422),(13,422),(26,422),(34,422),(36,422),(8,423),(11,423),(22,423),(32,424),(40,424),(8,425),(12,425),(15,425),(21,425),(29,425),(30,425),(34,425),(2,426),(3,426),(4,426),(21,426),(36,426),(39,426),(9,427),(10,427),(19,427),(31,427),(10,428),(32,428),(15,429),(32,429),(2,430),(10,430),(16,430),(18,430),(36,430),(39,430),(3,432),(6,432),(13,432),(34,432),(35,432),(13,433),(23,433),(26,433),(27,433),(34,433),(35,433),(41,433),(1,434),(13,434),(20,434),(28,434),(29,434),(34,434),(35,434),(39,434),(5,435),(28,435),(17,436),(18,436),(25,436),(33,436),(34,436),(37,436),(5,437),(9,437),(16,437),(18,437),(22,437),(29,437),(31,437),(13,438),(21,438),(38,438),(16,439),(25,439),(28,439),(31,439),(32,439),(41,439),(1,440),(5,440),(23,440),(27,440),(34,440),(41,440),(17,441),(19,441),(42,441),(10,443),(25,443),(9,445),(13,445),(14,445),(19,445),(5,446),(11,446),(13,446),(14,446),(20,446),(21,446),(23,446),(25,446),(21,447),(23,447),(27,447),(29,447),(3,448),(20,448),(23,448),(32,448),(35,448),(36,448),(41,448),(2,449),(12,449),(15,449),(42,449),(4,450),(8,450),(10,450),(12,450),(15,450),(29,450),(30,450),(31,450),(37,450),(14,451),(15,451),(19,451),(31,451),(38,451),(1,452),(8,452),(14,452),(22,452),(31,452),(34,452),(37,452),(26,453),(5,454),(25,454),(28,454),(40,454),(10,455),(25,455),(31,455),(2,456),(25,456),(22,458),(27,458),(39,458),(7,459),(21,459),(29,459),(30,459),(36,459),(2,461),(6,461),(10,462),(24,462),(5,463),(8,463),(11,463),(31,463),(1,464),(3,464),(9,464),(18,464),(20,464),(22,464),(29,464),(2,465),(5,466),(7,466),(8,466),(21,466),(28,466),(36,466),(7,467),(15,467),(17,467),(8,468),(23,468),(31,469),(34,469),(36,469),(3,470),(7,470),(17,470),(18,470),(23,470),(28,470),(32,470),(38,470),(6,471),(14,471),(31,471),(40,471),(18,472),(24,472),(25,472),(38,472),(39,472),(41,472),(4,473),(20,473),(21,473),(40,473),(20,474),(22,474),(33,474),(36,474),(2,475),(12,475),(37,475),(42,475),(7,476),(12,476),(22,476),(26,476),(38,476),(4,477),(5,477),(18,477),(24,477),(42,477),(16,478),(17,478),(18,478),(22,478),(27,478),(1,479),(4,479),(13,479),(32,479),(4,480),(10,480),(21,480),(33,480),(6,481),(18,481),(19,482),(20,482),(29,482),(35,482),(3,483),(17,483),(31,483),(38,483),(42,483),(12,484),(16,484),(17,484),(19,484),(24,484),(41,484),(1,485),(20,485),(29,485),(31,485),(33,485),(34,485),(37,485),(40,485),(41,485),(1,487),(2,487),(12,487),(29,487),(37,487),(38,487),(41,487),(1,489),(4,489),(25,489),(29,489),(30,489),(4,490),(7,490),(12,490),(16,490),(17,490),(22,490),(30,492),(39,492),(14,493),(17,493),(35,493),(15,495),(4,497),(6,497),(22,497),(6,498),(10,498),(11,498),(36,498),(42,498),(9,499),(17,499),(23,499),(24,499),(1,500),(2,500),(14,500),(21,500),(32,500),(10,501),(2,514),(3,514),(4,514),(10,514),(12,514),(18,514),(27,514),(43,514),(54,514),(55,514),(56,514),(10,529),(55,529),(32,554);
/*!40000 ALTER TABLE `users_tags` ENABLE KEYS */;
UNLOCK TABLES;

--
-- Table structure for table `verification_token`
--

DROP TABLE IF EXISTS `verification_token`;
/*!40101 SET @saved_cs_client     = @@character_set_client */;
/*!40101 SET character_set_client = utf8 */;
CREATE TABLE `verification_token` (
  `verification_token_id` bigint(20) NOT NULL AUTO_INCREMENT,
  `user_id` bigint(20) NOT NULL,
  `token` varchar(255) DEFAULT NULL,
  `expire_date` datetime DEFAULT NULL,
  PRIMARY KEY (`verification_token_id`),
  KEY `FK_vt_user_id_idx` (`user_id`),
  CONSTRAINT `FKrdn0mss276m9jdobfhhn2qogw` FOREIGN KEY (`user_id`) REFERENCES `user` (`user_id`),
  CONSTRAINT `FK_vt_user_id` FOREIGN KEY (`user_id`) REFERENCES `user` (`user_id`) ON DELETE NO ACTION ON UPDATE NO ACTION
) ENGINE=InnoDB AUTO_INCREMENT=18 DEFAULT CHARSET=utf8;
/*!40101 SET character_set_client = @saved_cs_client */;

--
-- Dumping data for table `verification_token`
--

LOCK TABLES `verification_token` WRITE;
/*!40000 ALTER TABLE `verification_token` DISABLE KEYS */;
INSERT INTO `verification_token` VALUES (1,535,'6a030aed-dbf8-4d42-9e04-5d94f307d05b','2017-04-08 00:00:00'),(2,536,'0434a8d1-9f47-4f6e-b6a7-e5cd78e947ec','2017-04-18 00:00:00'),(3,537,'3ffb7c6e-7ec1-482b-ac7c-41b0e27ee563','2017-05-01 00:00:00'),(4,539,'3bfc26a2-927b-4108-93df-01989a1ee729','2017-05-02 00:00:00'),(5,542,'dbd3a77c-236d-4e10-94a0-43c925dd7ee8','2017-05-03 00:00:00'),(6,543,'d8524be8-15f1-4369-ad58-8992112b76e4','2017-05-03 00:00:00'),(7,544,'3c2b7d01-2212-4ffe-9990-a5f1e6d48b0e','2017-05-03 00:00:00'),(8,545,'b646282d-ff39-46e9-8c11-a168360ef7c9','2017-05-03 00:00:00'),(9,546,'f10ea4e0-cd16-407e-950b-7210437946ff','2017-05-03 00:00:00'),(10,547,'2dca7f5b-02c4-4583-b23b-3b28c6a60576','2017-05-03 00:00:00'),(11,548,'f1ebb881-d52e-4cc1-8237-c0cc280c560a','2017-05-03 00:00:00'),(12,549,'f3842fc1-5da9-4831-a7e8-8058180ca2ff','2017-05-03 00:00:00'),(13,550,'f1c277a3-e3e6-447a-9e5e-3f52bb175935','2017-05-03 00:00:00'),(14,551,'27cf0d2e-39f3-4f71-8804-f0a09b17f481','2017-05-03 00:00:00'),(15,552,'8fd53337-3ba8-46a7-838d-0bc0e0ba46e5','2017-05-03 00:00:00'),(16,553,'0ac4cbeb-aede-4ddf-9e8a-54eaaac22f62','2017-06-12 15:07:17'),(17,554,'5a96ac80-2cc2-4f22-97eb-173746e5e868','2017-06-12 15:09:06');
/*!40000 ALTER TABLE `verification_token` ENABLE KEYS */;
UNLOCK TABLES;
/*!40103 SET TIME_ZONE=@OLD_TIME_ZONE */;

/*!40101 SET SQL_MODE=@OLD_SQL_MODE */;
/*!40014 SET FOREIGN_KEY_CHECKS=@OLD_FOREIGN_KEY_CHECKS */;
/*!40014 SET UNIQUE_CHECKS=@OLD_UNIQUE_CHECKS */;
/*!40101 SET CHARACTER_SET_CLIENT=@OLD_CHARACTER_SET_CLIENT */;
/*!40101 SET CHARACTER_SET_RESULTS=@OLD_CHARACTER_SET_RESULTS */;
/*!40101 SET COLLATION_CONNECTION=@OLD_COLLATION_CONNECTION */;
/*!40111 SET SQL_NOTES=@OLD_SQL_NOTES */;

-- Dump completed on 2017-07-30 13:02:20
